# --- !Ups

INSERT INTO squads (id, short, description) VALUES 
(1, 'etqw', 'Enemy Territory: Quake Wars'),
(2, 'q3.ctf', 'Quake III CTF'),
(3, 'inactive', 'inactive'),
(4, 'et', 'Return to Castle Wolfenstein: Enemy Territory');

INSERT INTO lineup (id, nick, password, realname, email, birth_date, city, job, quote, since, image, squad, notits, type, active) VALUES 
(1, 'n4cer', '', 'Micha', 'n4cer@doomwarriors.de', '1982-06-04', 'Berlin', 'Aushilfe', 'moep', '2002-02-01', 'n4cer.jpg', 2, true, 1, true),
(2, 'motter', '', 'Hannes', 'motter@doomwarriors.de', '1980-04-24', 'Heidelberg', 'base def and strong shoulder for m8s', 'Je m''apelle deuxcent gram de fromage', '2000-05-01', 'motter.jpg', 2, true, 1, true),
(3, 'server-2000', '', 'chris', 'server-2000@gmx.de', '2008-08-18', 'Heidelberg', 'Fotomodel, Auslandsspionage', '', '2002-02-02', 'server.jpg', 2, false, 2, true),
(4, 'Kackspaten', '', 'Arve', 'geheim@doomwarriors.de', '1979-10-29', 'mannheim', 'ICH BIN DOOF !!!', '', '2003-04-01', 'arve.jpg', 4, false, 2, true),
(5, 'zero2c', '', 'Dennis', 'zero2c@doomwarriors.de', '1975-07-10', 'Hamburg', 'befohlener Ruheständler', 'ficken!!!', '2003-04-01', 'zero2c.jpg', 4, false, 2, true),
(6, 'bioatom', '', 'Tobi', 'bioatom@doomwarriors.de', '1991-02-12', 'Berlin', 'kp von allem :S', '', '2007-08-01', 'bioatom.jpg', 1, true, 2, true),
(7, 'eXcess', '', 'Wulf', 'onrage666@doomwarriors.de', '1991-04-03', 'Berlin', 'auszubildender :)', 'wtf?!', '2007-08-01', 'excess.jpg', 1, false, 2, true),
(8, 'gambl3r', '', 'Sebastian', 'gambl3r@doomwarriors.de', null, 'Dresden', 'irc zuspammen', NULL, '2007-09-01', 'gambl3r.jpg', 3, false, 2, true),
(9, 'Bucko', '', 'Michael', null, null, 'Lauingen', 'meckertante', NULL, '2005-12-01', 'bucko.jpg', 2, false, 2, true),
(10, 'cenobyte', '', 'Nico', 'assiassmus@web.de', null, 'Flensburg', 'Azubi', NULL, '2005-12-01', 'cenobyte.jpg', 2, false, 2, true),
(11, 'Tornado', '', 'Sebastian', 'tornado@gmx.li', null, 'Bischofsheim', 'Player', NULL, '2006-11-01', 'tornado.jpg', 3, false, 2, true),
(12, 'renbolicious', '', 'Rene-Philipp', 'renbo@doomwarriors.de', null, 'Magdeburg', 'pr0nstar', NULL, '2007-09-01', 'nopic.jpg', 2, false, 2, true),
(13, 'harm', '', 'Steffen', 'harm@uni.de', null, 'Dillingen', '', NULL, '2007-10-01', 'harm.jpg', 2, false, 2, true),
(14, 'xol!', '', 'Arne', 'beast@doomwarriors.de', null, 'kiel', 'Putzfrau', '', '2000-04-08', 'xol.jpg', 2, false, 2, true),
(15, 'dyg', '', 'Dirk', 'dyg@doomwarriors.de', '1977-10-29', 'Karlsruhe', 'top-idler', 'DISCO!', '2000-04-28', 'dyg.jpg', 2, false, 2, true),
(16, 'alex', '', 'Alexander', 'alex@doomwarriors.de', '1981-09-01', 'Ahrensfelde', 'Kämpfen!!', NULL, '2002-06-01', 'alex.jpg', 2, false, 2, true),
(17, 'kore', '', '', 'kore@doomwarriors.de', null, 'Berlin', '', NULL, '2002-10-01', 'kore.jpg', 3, false, 2, true),
(18, 'sub', '', 'Christoph', null, null, '', 'Auslandsreporter und Spitzel', '', '2003-04-01', 'subsonic.jpg', 2, false, 2, true),
(19, 'lamagra', '', 'Sven', 'lamagra@lamagra-online.de', null, 'Karlsruhe', 'lucken', NULL, '2003-07-01', 'lama.jpg', 2, false, 2, true),
(20, 'global', '', '', null, null, '', '', NULL, '2006-07-01', 'nopic.jpg', 3, false, 2, true),
(21, 'hypo', '', '', null, null, '', '', NULL, '2006-08-01', 'nopic.jpg', 3, false, 2, true),
(22, 'Dr.Arzt', '', 'Carlos', null, null, '', 'Der Wurstfachverkäuferin', NULL, '2006-08-01', 'nopic.jpg', 3, false, 2, true),
(23, 'pons', '', 'Marcus', 'pitopossum@gmx.li', '1985-01-13', 'Dresden', 'Keanu Reeves', NULL, '2006-10-01', 'nopic.jpg', 2, false, 2, true),
(24, 'gkox', '', '', 'gkox@doomwarriors.de', null, '', '', NULL, '2008-03-10', 'nopic.jpg', 1, false, 2, false),
(25, 'stevie', '', '', null, null, '', '', NULL, '2008-05-19', 'nopic.jpg', 2, false, 2, true),
(26, 'eXodus', '', 'Davie', 'exodus@doomwarriors.de', '1986-02-27', 'in your base, stealing you flagz!', 'emo', 'Silence! I KILL YOU!', '2008-09-15', 'nopic.jpg', 2, false, 2, true),
(27, 'style', '', 'Ross', 'style@doomwarriors.de', '1986-03-30', 'Edinburgh', 'Q3 Base Destroyer', '=D', '2008-10-09', 'nopic.jpg', 2, false, 2, true);

INSERT INTO games (id, short, description) VALUES 
(1, 'q3', 'Quake III Arena'),
(2, 'et', 'Enemy Territory'),
(3, 'et:qw', 'Enemy Territory:Quake Wars');


INSERT INTO maps (id, map, game_id) VALUES 
(1, 'cpm4', 1),
(2, 'ospdm5', 1),
(3, 'ospdm6', 1),
(4, 'poq3dm5', 1),
(5, 'q3dm14tmp', 1),
(6, 'cpm14', 1),
(7, 'cpm9', 1),
(8, 'imr3dm1', 1),
(9, 'ospdm1', 1),
(10, 'ospdm2', 1),
(11, 'pro-q3dm6', 1),
(12, 'q3dm7', 1),
(13, 'q3dm8', 1),
(14, 'ztn3dm1', 1),
(15, 'pro-q3dm13', 1),
(16, 'q3dm9', 1),
(17, 'hub3tourney1', 1),
(18, 'q3wcp5', 1),
(19, 'q3wcp14', 1),
(20, 'ospdm12', 1),
(21, 'q3wcp1', 1),
(22, 'q3w3', 1),
(23, 'q3wcp22', 1),
(24, 'q3wcp9', 1),
(25, 'q3ctf2', 1),
(26, 'q3w7', 1),
(27, 'q3wcp15', 1),
(28, 'ctctf3', 1),
(29, 'x3map03', 1),
(30, 'x3map05', 1),
(31, 'ctctf2', 1),
(32, 'valley', 3),
(33, 'sewer', 3),
(34, 'salvage', 3),
(35, 'volcano', 3),
(36, 'the ark', 3),
(37, 'island', 3),
(38, 'area22', 3),
(39, '-', 1),
(40, '-', 2),
(41, '-', 3);

INSERT INTO news (id, topic, content, timestamp, username_id) VALUES 
(1, 'Stuff...', 'Hello all,<br> Welcome to the Doomwarriors page with a new layout since 2002! The new design works perfect with Firefox and Mozilla based browsers. We will try to fix the render problem with Microsoft Internet Explorer soon. Anyway, we felt it was time to relaunch a new design.<br> Now back to business. As Enemy Territory is available now, we would like to announce the Doomwarriors participation in the Clanbase Open Cup Fall 2007. We are looking forward to the excellent Clanbase organization and feel pretty confident that everything works as expected. We are not sure yet if we play the ESL or QWL league. This depends if they can provide some decent ladders or cups. Time will show.', '2007-09-29 12:43:00', 2),
(2, 'Sucht ihr ein Zuhause???', 'Da wir auf Grund von Unistress und Arbeitsterror leider momentan extreme Probleme durch Membermangel zu verzeichnen haben, suchen wir wieder 1-2 neue Leute. Einige Informationen über uns:<br><br>dwc besteht bereits seit dem Jahr 2000. Unser etqw Squad besteht aus zwei pflegeleichten Nesthäkchen (u18) und ansonsten aus alten Hasen die vor ewigen Zeiten mit q2/q3/rtcw das Onlinespielen angefangen haben.<br>Gameserver/TS/etc ist alles vorhanden. Ein monatlicher Beitrag zum Gameserver ist gerne gesehen aber nicht unbedingt Pflicht.<br>Und zu euch:Am liebsten wären uns Leute die irgendwann mal gut in einem x-beliebigen Shooter waren und nun im Halbruhestand einfach Lust haben ohne allzuviel Stress 2-4mal pro Woche durch die diversen Ligen zu rocken.<br>Worauf wir keine Lust haben sind zum einen möchtegern-Progamer, zum anderen Publicrocker, die weder was treffen, noch ne Ahnung vom Clangeschehen haben.<br>Wenn ihr euch angesprochen fühlt, meldet euch:#dwc @qnet (awvp oder dwc|motter_away)', '2008-01-18 11:43:00', 2),
(3, 'The future of et:qw and dwc', 'Hi to all out there,<br>we played a hell of et:qw games and it was great fun to play all the nice and friendly et:qw teams from all over europe. After all these games, we feel sad to tell you that we decided to drop et:qw from now on, although we will finish the currently running clanbase cup. Therefore I would like to take the chance to annonce that doomwarriors is back in action with its Quake3 squad featuring motter, dyg, n4cer and pons from the former lineup (having dyg und pons returning from inactivity) and maybe eXcess and bioatom from the et:qw lineup (if they conclude that <b>quake3 is cool</b>). We currently have no plans to join a league (if there is any), but we are available for OSP CTF, FT or CA trains.So long, I hope we see us soon on the dwc OSP Quake3 servers, sponsored by www.e1m1.de', '2008-04-23 13:51:58', 2),
(9, 'Jolt started straight away', 'Finally, Jolt quake3 CTF league started. Having a look at the predictions after the first map, they seemed to be right. We lost straight two maps playing PROST. Nevertheless, we draw playing !nf which most likely will give the other clans in our division an understanding that they will have to fight hard to get some points from us.<br>Our prediction is, that we are going to win the next three Jolt games finishing 3rd place after PROST and !nf. But let''s see!<br>Besides Jolt Quake3 CTF league, kuh3liga season started where we have to face !nf again :-). We are planing to win this game though, so be prepared. The kuh3liga group we are in also features PROST. And as you know us, PROST will not have it as easy as last time. So put your kuh3liga bets on us and win with a high rate.<br><br>So long', '2008-05-19 13:42:52', 2),
(10, 'Let us break the silence...', 'Hey folks, it has been a long time since the last news. Here are some couple of news.<br><br>We did win the kuh3liga div2 without any map loss, we finished 4th in div4 Jolt because we were not allowed to move our matched due to the European Soccer Championship.<br>After that we played some clanbase 4v4 summercup.But now we are back, we are going to play the next clanbase CTF open cup, together with our three new off players TronicGgG, eXodus and style which I would really love to give a warm welcome.<br><br>Let''s rock! - motter', '2008-09-09 11:35:06', 2),
(11, 'Meine Fresse sind wir alt geworden', 'Ja, es sind mehr als 10 Jahre seit der letzten News vergangen. Wir sind alle älter, hübscher und weiser geworden und Quake3 läuft auf einem 3 Jahre alten Laptop mit Intel Onboard inzwischen mit locker 500fps. Und genau deswegen sollten wir Frau/Mann und Kind erklären, dass es vollkommen OK ist, ab und zu mal wieder einen Quake 3 Abend einzuschieben.<br>Ihr findet uns nicht mehr im IRC sondern im discord. Der Link zu unserem Server ist <a href="https://discord.gg/kDfC7rB" target="_blank">https://discord.gg/kDfC7rB</a> und mehr details zu Discord findet ihr unter <a href="https://www.doomwarriors.de/contact">contact</a>. Dort organisieren wir spontan TDM/CTF pickup games, wie "damals" im #spontanctf.<br><br>Also, wäre ziemlich geil euch dort demnächst zu sehen.', '2018-11-14 10:47:06', 2);

INSERT INTO gametype (id, game_type) VALUES 
(1, 'tdm'),
(2, 'ctf'),
(3, 'sw');

INSERT INTO countries (id, country, short, flag) VALUES 
(1, 'Europe', 'eu', 'EU.png'),
(2, 'Austria', 'at', 'AT.png'),
(3, 'Belgium', 'be', 'BE.png'),
(4, 'Switzerland', 'ch', 'CH.png'),
(5, 'Czech republic', 'cz', 'CZ.png'),
(6, 'Germany', 'de', 'DE.png'),
(7, 'Denmark', 'dk', 'DK.png'),
(8, 'Estonia', 'ee', 'EE.png'),
(9, 'Finland', 'fi', 'FI.png'),
(10, 'France', 'fr', 'FR.png'),
(11, 'Hungary', 'hr', 'HR.png'),
(12, 'Italy', 'it', 'IT.png'),
(13, 'Netherlands', 'nl', 'NL.png'),
(14, 'Poland', 'pl', 'PL.png'),
(15, 'Russia', 'ru', 'RU.png'),
(16, 'Sweden', 'se', 'SE.png'),
(17, 'Slovenia', 'si', 'SI.png'),
(18, 'Slovakia', 'sk', 'SK.png'),
(19, 'United Kingdom', 'gb', 'GB.png'),
(20, 'Spain', 'es', 'ES.png'),
(21, 'Albania', 'al', 'AL.png'),
(22, 'Andorra', 'ad', 'AD.png'),
(23, 'Bosnia and Herzegovina', 'ba', 'BA.png'),
(24, 'Bulgaria', 'bg', 'BG.png'),
(25, 'Greece', 'gr', 'GR.png'),
(26, 'Iceland', 'is', 'IS.png'),
(27, 'Croatia', 'hr', 'HR.png'),
(28, 'Latvia', 'lv', 'LV.png'),
(29, 'Liechtenstein', 'li', 'LI.png'),
(30, 'Lithuania', 'lt', 'LT.png'),
(31, 'Luxembourg', 'lu', 'LU.png'),
(32, 'Malta', 'mt', 'MT.png'),
(33, 'Macedonia', 'mk', 'MK.png'),
(34, 'Monaco', 'mc', 'MC.png'),
(35, 'Montenegro', 'me', 'ME.png'),
(36, 'Norway', 'no', 'NO.png'),
(37, 'Portugal', 'pt', 'PT.png'),
(38, 'Romania', 'ro', 'RO.png'),
(39, 'Ukraine', 'ua', 'UA.png'),
(40, 'Belarus', 'by', 'BY.png');

INSERT INTO leagues (id, league) VALUES 
(1, 'q3liga'),
(2, 'esl'),
(3, 'cb'),
(4, 'net-leet'),
(5, 'es.ctf'),
(6, 'hq-league'),
(7, '-'),
(8, 'ab18'),
(9, 'ewl'),
(10, 'alpha2'),
(11, 'wwcl'),
(12, 'ltr5'),
(13, 'halocron'),
(14, 'G4U-Cup'),
(15, 'grave'),
(16, 'c-maxx 5'),
(17, 'cb-playoffs'),
(18, 'ET-LIGA'),
(20, 'jolt');

INSERT INTO clanwars (id, date, enemy, url, league_id, report, game_id, gametype_id, country_id) VALUES 
(1, '2000-07-01', 'GoD', '', 7, 'kein Bericht vorhanden!', 1, 1, 6),
(2, '2000-07-06', 'LotF', 'www.lotf.de', 7, 'kein Bericht vorhanden!', 1, 1, 6),
(3, '2000-07-19', 'killing art', 'www.killingart.de', 7, 'kein Bericht vorhanden!', 1, 1, 6),
(4, '2000-07-24', 'TSW', 'tsw.gnw.de', 7, 'kein Bericht vorhanden!', 1, 1, 6),
(5, '2000-07-31', 'GoT', '', 7, 'kein Bericht vorhanden!', 1, 1, 6),
(6, '2000-08-21', 'AI', '', 7, 'kein Bericht vorhanden!', 1, 1, 4),
(7, '2000-10-05', 'GS', 'www.gs-clan.de', 7, 'kein Bericht vorhanden!', 1, 1, 6),
(8, '2000-10-15', 'QOU', '', 7, 'kein Bericht vorhanden!', 1, 1, 6),
(9, '2000-10-22', 'Bone Warriors', '', 2, 'kein Bericht vorhanden!', 1, 1, 6),
(10, '2000-10-26', 'Ruthless Giants', '', 2, 'kein Bericht vorhanden!', 1, 1, 6),
(11, '2000-11-05', 'MD', 'www.mdclan.de', 7, 'kein Bericht vorhanden!', 1, 1, 6),
(12, '2000-11-12', 'HUBBS', 'www.hubbs.de', 2, 'gg', 1, 1, 6),
(13, '2000-11-19', '30Liter', '', 2, 'kein Bericht vorhanden!', 1, 1, 6),
(14, '2000-11-26', 'BSE', 'www.clan-bse.de', 2, 'kein Bericht vorhanden!', 1, 1, 6),
(15, '2000-11-29', 'po4', '', 2, 'kein Bericht vorhanden!', 1, 1, 6),
(16, '2000-12-14', 'Decay', '', 2, 'kein Bericht vorhanden!', 1, 1, 6),
(17, '2001-01-02', 'NacC', 'www.nackenclan.de', 2, 'kein Bericht vorhanden!', 1, 1, 6),
(18, '2001-01-07', 'Quad', '', 2, 'kein Bericht vorhanden!', 1, 1, 6),
(19, '2001-01-10', 'mD', '', 2, 'kein Bericht vorhanden!', 1, 1, 6),
(20, '2001-01-11', 'pRo', 'www.prophecy-clan.de', 2, 'kein Bericht vorhanden!', 1, 1, 6),
(21, '2001-01-23', 'TFF', '', 2, 'kein Bericht vorhanden!', 1, 1, 6),
(22, '2001-01-25', 'BDS', '', 2, 'kein Bericht vorhanden!', 1, 1, 6),
(23, '2001-01-28', 'Lyd', '', 2, 'kein Bericht vorhanden!', 1, 1, 6),
(24, '2001-02-04', 'Kebap 11', '', 2, 'kein Bericht vorhanden!', 1, 1, 6),
(25, '2001-02-06', 'RP', '', 2, 'kein Bericht vorhanden!', 1, 1, 6),
(26, '2001-02-12', 'Trash', '', 2, 'kein Bericht vorhanden!', 1, 1, 6),
(27, '2001-02-12', 'AI', '', 2, 'kein Bericht vorhanden!', 1, 1, 4),
(28, '2001-02-18', 'WOD', '', 2, 'kein Bericht vorhanden!', 1, 1, 6),
(29, '2001-02-19', 'tc', '', 2, 'kein Bericht vorhanden!', 1, 1, 6),
(30, '2001-02-20', 'cDs', '', 1, 'kein Bericht vorhanden!', 1, 1, 6),
(31, '2001-02-22', 'ES', '', 2, 'kein Bericht vorhanden!', 1, 1, 6),
(32, '2001-02-25', 'majesty', 'majesty.ngz-server.de', 2, 'kein Bericht vorhanden!', 1, 1, 6),
(33, '2001-02-27', 'BL', '', 2, 'kein Bericht vorhanden!', 1, 1, 6),
(34, '2001-02-28', 'UCF', '', 2, 'kein Bericht vorhanden!', 1, 1, 6),
(35, '2001-03-04', 'sTa', 'www.smackthatass.de', 2, 'kein Bericht vorhanden!', 1, 1, 6),
(36, '2001-03-05', 'GUF', '', 2, 'kein Bericht vorhanden!', 1, 1, 6),
(37, '2001-03-06', 'cDc', '', 2, 'kein Bericht vorhanden!', 1, 1, 6),
(38, '2001-03-11', 'sTa', 'www.smackthatass.de', 2, 'kein Bericht vorhanden!', 1, 1, 6),
(39, '2001-03-13', 'TQF', 'www.tqf-clan.de', 1, 'kein Bericht vorhanden!', 1, 1, 6),
(40, '2001-03-18', 'nX', '', 2, 'kein Bericht vorhanden!', 1, 1, 6),
(41, '2001-03-20', 'vK', 'http://www.voodookiller.de/', 1, 'kein Bericht vorhanden!', 1, 1, 6),
(42, '2001-03-27', 'CF', 'www.cfclan.de', 1, 'kein Bericht vorhanden!', 1, 1, 6),
(43, '2001-03-29', 'LHW', '', 2, 'kein Bericht vorhanden!', 1, 1, 6),
(44, '2001-04-02', 'AFM', 'www.afm-clan.de', 1, 'kein Bericht vorhanden!', 1, 1, 6),
(45, '2001-04-08', 'SoA', 'www.seedofanger.de', 2, 'kein Bericht vorhanden!', 1, 1, 6),
(46, '2001-04-10', 'FFC', '', 1, 'kein Bericht vorhanden!', 1, 1, 6),
(47, '2001-04-10', 'pBb', 'www.butcherboys.de', 2, 'kein Bericht vorhanden!', 1, 1, 6),
(48, '2001-04-17', 'LuS', 'www.lus-clan.de', 1, 'kein Bericht vorhanden!', 1, 1, 6),
(49, '2001-04-24', 'SLoQ', 'www.sloq.de', 1, 'kein Bericht vorhanden!', 1, 1, 6),
(50, '2001-05-03', 'WPJ', 'www.wpj.f2s.com', 2, 'kein Bericht vorhanden!', 1, 1, 6),
(51, '2001-05-06', 'GQE', '', 7, 'kein Bericht vorhanden!', 1, 1, 6),
(52, '2001-05-08', 'NacC', 'www.nackenclan.de', 1, 'kein Bericht vorhanden!', 1, 1, 6),
(53, '2001-05-10', 'entropy', 'www.planetentropy.de', 2, 'kein Bericht vorhanden!', 1, 1, 6),
(54, '2001-10-15', 'CE', 'www.creative-evils.de', 1, 'kein Bericht vorhanden!', 1, 1, 6),
(55, '2001-05-16', 'Blutsturm', 'www.blutsturm.de', 1, 'kein Bericht vorhanden!', 1, 1, 6),
(56, '2001-05-17', 'bdc', 'www.team-bdc.de', 2, 'kein Bericht vorhanden!', 1, 1, 6),
(57, '2001-05-21', 'sk Ladies', 'www.schroet.de', 2, 'kein Bericht vorhanden!', 1, 1, 6),
(58, '2001-05-27', 'emr', '', 2, 'kein Bericht vorhanden!', 1, 1, 6),
(59, '2001-05-28', 'DoH', 'www.devils-of-hell.de', 1, 'kein Bericht vorhanden!', 1, 1, 6),
(60, '2001-05-29', 'rC', 'www.ronins.de', 2, 'kein Bericht vorhanden!', 1, 1, 6),
(61, '2001-05-30', 'vK', 'www.voodookiller.de', 1, 'kein Bericht vorhanden!', 1, 1, 6),
(62, '2001-06-03', 'sr', 'www.stormreaver.de', 2, 'kein Bericht vorhanden!', 1, 1, 6),
(63, '2001-06-04', 'PVG', 'www.pvg-clan.de', 7, 'kein Bericht vorhanden!', 1, 1, 6),
(64, '2001-06-04', 'cP', 'www.coldpoison.de', 2, 'kein Bericht vorhanden!', 1, 1, 6),
(65, '2001-06-05', 'isnogud', 'www.isnogud.org', 2, 'kein Bericht vorhanden!', 1, 1, 6),
(66, '2001-06-07', 'eclipse', 'www.3clipse.de', 1, 'kein Bericht vorhanden!', 1, 1, 6),
(67, '2001-06-14', 'kak', 'www.kak-clan.de', 2, 'kein Bericht vorhanden!', 1, 1, 6),
(68, '2001-06-17', 'entropy', 'www.planetentropy.de', 2, 'kein Bericht vorhanden!', 1, 1, 6),
(69, '2001-06-18', 'Singularity', '', 8, 'kein Bericht vorhanden!', 1, 1, 6),
(70, '2001-06-18', 'tkk', 'www.toshinkurokosai.de', 2, 'kein Bericht vorhanden!', 1, 1, 6),
(71, '2001-06-20', 'sTa', 'www.smackthatass.de', 2, 'kein Bericht vorhanden!', 1, 1, 6),
(72, '2001-06-24', 'smash', 'www.smasherz.de', 2, 'kein Bericht vorhanden!', 1, 1, 6),
(73, '2001-06-24', 'r4', 'www.royal-assassins.de', 2, 'kein Bericht vorhanden!', 1, 1, 6),
(74, '2001-06-26', 'TQF', '', 2, 'kein Bericht vorhanden!', 1, 1, 6),
(75, '2001-07-01', 'BoB', '', 2, 'kein Bericht vorhanden!', 1, 1, 6),
(76, '2001-07-04', 'LuS', '', 2, 'kein Bericht vorhanden!', 1, 1, 6),
(77, '2001-07-08', 'RP', 'www.rotten-psychos.de', 2, 'kein Bericht vorhanden!', 1, 1, 6),
(78, '2001-07-12', 'Wahn', 'www.wahnclan.de', 2, 'kein Bericht vorhanden!', 1, 1, 6),
(79, '2001-07-15', 'WoD', 'www.warriors-of-death.de', 2, 'kein Bericht vorhanden!', 1, 1, 6),
(80, '2001-07-15', 'n!', 'www.clan-faculty.de', 2, 'kein Bericht vorhanden!', 1, 1, 6),
(81, '2001-07-17', 'r4', 'www.royal-assassins.de', 2, 'kein Bericht vorhanden!', 1, 1, 6),
(82, '2001-07-19', 'xS', 'www.team-excess.de', 2, 'kein Bericht vorhanden!', 1, 1, 6),
(83, '2001-07-23', 'rewind', '', 2, 'kein Bericht vorhanden!', 1, 1, 6),
(84, '2001-07-24', '3dots', '', 2, 'kein Bericht vorhanden!', 1, 1, 6),
(85, '2001-08-13', 'Heinerfest', '', 2, 'kein Bericht vorhanden!', 1, 1, 6),
(86, '2001-08-14', 'r4', 'www.royal-assassins.de', 2, 'kein Bericht vorhanden!', 1, 1, 6),
(87, '2001-08-16', 'LWT', '', 2, 'kein Bericht vorhanden!', 1, 1, 6),
(88, '2001-08-22', 'ES', '', 2, 'kein Bericht vorhanden!', 1, 1, 6),
(89, '2001-09-02', 'nkn', 'www.nahkampfnager.de', 2, 'kein Bericht vorhanden!', 1, 1, 6),
(90, '2001-09-16', 'TDSC', 'www.tdsc.de', 2, 'kein Bericht vorhanden!', 1, 1, 6),
(91, '2001-09-17', 'em', 'www.equites-mortis.com', 1, 'kein Bericht vorhanden!', 1, 1, 6),
(92, '2001-09-20', 'flat', 'www.flatclan.de', 2, 'kein Bericht vorhanden!', 1, 1, 6),
(93, '2001-09-23', 'cp', 'www.coldpoison.de', 2, 'kein Bericht vorhanden!', 1, 1, 6),
(94, '2001-09-24', 'Blutsturm', 'www.blutsturm.de', 1, 'kein Bericht vorhanden!', 1, 1, 6),
(95, '2001-09-30', 'sTa', 'www.smackthatass.de', 2, 'kein Bericht vorhanden!', 1, 1, 6),
(96, '2001-10-01', 'sms', 'www.gamepoint.ch/sms', 1, 'kein Bericht vorhanden!', 1, 1, 4),
(97, '2001-10-02', 'iN', 'www.inflict.de', 2, 'kein Bericht vorhanden!', 1, 1, 6),
(98, '2001-10-07', 'BoB', 'www.bob-clan.de', 2, 'kein Bericht vorhanden!', 1, 1, 6),
(99, '2001-10-08', 'tkk', 'www.toshinkurokosai.de', 1, 'kein Bericht vorhanden!', 1, 1, 6);

INSERT INTO clanwars (id, date, enemy, url, league_id, report, game_id, gametype_id, country_id) VALUES 
(100, '2001-10-08', 'stf', 'www.special-task-force.de', 2, 'kein Bericht vorhanden!', 1, 1, 6),
(101, '2001-10-14', 'cP', 'www.coldpoison.de', 2, 'kein Bericht vorhanden!', 1, 1, 6),
(102, '2001-10-15', 'GuF', 'www.guf-clan.de', 2, 'kein Bericht vorhanden!', 1, 1, 6),
(103, '2001-10-23', 'roYal', 'www.team-royal.de', 2, 'kein Bericht vorhanden!', 1, 1, 6),
(104, '2001-10-23', 'RUS', 'q3-clan-rus.da.ru', 2, 'kein Bericht vorhanden!', 1, 1, 15),
(105, '2001-10-25', 'roYal', 'www.team-royal.de', 2, 'kein Bericht vorhanden!', 1, 1, 6),
(106, '2001-10-30', 'digital soldierz', '', 2, 'kein Bericht vorhanden!', 1, 1, 6),
(107, '2001-11-01', 'UFF b-Team', 'www.united-frag-force.de', 1, 'kein Bericht vorhanden!', 1, 1, 6),
(108, '2001-11-04', 'sr', 'www.stormreaver.de', 1, 'kein Bericht vorhanden!', 1, 1, 6),
(109, '2001-11-05', 'dgh', 'www.clan-dgh.de', 1, 'kein Bericht vorhanden!', 1, 1, 6),
(110, '2001-11-06', 'eurogamerz', 'www.eurogamerz.de', 2, 'kein Bericht vorhanden!', 1, 1, 6),
(111, '2001-11-11', 'tkk', 'www.toshinkurokosai.de', 2, 'kein Bericht vorhanden!', 1, 1, 6),
(112, '2001-11-12', 'DNT', 'www.dantist.org', 1, 'kein Bericht vorhanden!', 1, 1, 6),
(113, '2001-11-12', 'Dark Lords (CH)', 'www.darklords.ch', 8, 'kein Bericht vorhanden!', 1, 1, 4),
(114, '2001-11-13', 'sTa', 'www.smackthatass.de', 2, 'kein Bericht vorhanden!', 1, 1, 6),
(115, '2001-11-15', 'sTaR', 'www.spiritualartists.de', 8, 'kein Bericht vorhanden!', 1, 1, 6),
(116, '2001-11-18', 'WoD', 'www.warriors-of-death.de', 2, 'kein Bericht vorhanden!', 1, 1, 6),
(117, '2001-11-20', 'RP', 'www.rotten-psychos.de', 2, 'kein Bericht vorhanden!', 1, 1, 6),
(118, '2001-11-22', 'brs', 'www.clan-brainstorm.de', 2, 'kein Bericht vorhanden!', 1, 1, 6),
(119, '2001-11-25', 'gats', 'www.q3gats.de', 8, 'kein Bericht vorhanden!', 1, 1, 6),
(120, '2001-11-26', 'uknToT', 'www.ukn-tot.de', 1, 'kein Bericht vorhanden!', 1, 1, 6),
(121, '2001-11-29', 'Sayga', '', 8, 'kein Bericht vorhanden!', 1, 1, 6),
(122, '2001-12-02', 'Das Nichts [ ]', 'www.das-nichts.de.vu', 2, 'kein Bericht vorhanden!', 1, 1, 6),
(123, '2001-12-03', 'S', 'www.planetentropy.de', 1, 'kein Bericht vorhanden!', 1, 1, 6),
(124, '2001-12-05', 'pRo', 'www.prophecy-clan.de', 8, 'kein Bericht vorhanden!', 1, 1, 6),
(125, '2001-12-06', 'eurogamerz', 'www.eurogamerz.de', 2, 'kein Bericht vorhanden!', 1, 1, 6),
(126, '2001-12-09', 'Dark Lords (CH)', 'www.darklords.ch', 8, 'kein Bericht vorhanden!', 1, 1, 4),
(127, '2001-12-10', 'deos', 'www.clan-deos.de', 1, 'kein Bericht vorhanden!', 1, 1, 6),
(128, '2001-12-10', 'gats', 'www.q3gats.de', 8, 'kein Bericht vorhanden!', 1, 1, 6),
(129, '2001-12-11', 'zool', 'www.clan-zool.de', 8, 'kein Bericht vorhanden!', 1, 1, 6),
(130, '2001-12-12', 'Heinerfest', 'www.heinerfest.de', 8, 'kein Bericht vorhanden!', 1, 1, 6),
(131, '2001-12-13', 'brs', 'www.clan-brainstorm.de', 9, 'kein Bericht vorhanden!', 1, 1, 6),
(132, '2001-12-18', 'mb', 'www.masterblasters.de', 8, 'kein Bericht vorhanden!', 1, 1, 6),
(133, '2001-12-20', 'rdm', 'www.e-radium.de', 8, 'kein Bericht vorhanden!', 1, 1, 6),
(134, '2001-12-22', '=:)', '', 10, 'kein Bericht vorhanden!', 1, 1, 6),
(135, '2001-12-22', 'PoC', '', 10, 'kein Bericht vorhanden!', 1, 1, 6),
(136, '2001-12-22', 'fU', '', 10, 'Höchst kompliziert ist das jetzt :) Insgesamt waren das 3 Spiele gegen fU auf cpm4 haben wir 97:74 gewonnen. Die Punkte habe ich zu dem Sieg auf q3dm14tmp hinzugerechnet.', 1, 1, 6),
(137, '2002-01-10', 'zool', 'www.clan-zool.de', 8, 'kein Bericht vorhanden!', 1, 1, 6),
(138, '2002-01-10', 'zool, b-team', 'www.clan-zool.de', 8, 'kein Bericht vorhanden!', 1, 1, 6),
(139, '2002-01-13', 'gats', 'www.q3gats.de', 8, 'kein Bericht vorhanden!', 1, 1, 6),
(140, '2002-01-15', 'Dark Lords (CH)', 'www.darklords.ch', 8, 'kein Bericht vorhanden!', 1, 1, 4),
(141, '2002-01-18', 'tbee', 'www.tbee-clan.de', 11, 'kein Bericht vorhanden!', 1, 1, 6),
(142, '2002-01-19', 'quad', 'www.quadaver.de', 11, 'kein Bericht vorhanden!', 1, 1, 6),
(143, '2002-01-19', 'purity', 'www.planetpurity.de', 11, 'kein Bericht vorhanden!', 1, 1, 6),
(144, '2002-01-19', 'octagon', 'www.team-octagon.org', 11, 'kein Bericht vorhanden!', 1, 1, 6),
(145, '2002-01-21', 'seals', 'www.seals.wtal.de', 1, 'kein Bericht vorhanden!', 1, 1, 6),
(146, '2002-02-12', 'muc', 'www.muschiclan.de.vu', 2, 'kein Bericht vorhanden!', 1, 1, 6),
(147, '2002-02-13', 'sTa', 'www.smackthatass.de', 2, 'kein Bericht vorhanden!', 1, 1, 6),
(148, '2002-02-20', '=LoD=', 'www.laagofdarkness.de', 2, 'kein Bericht vorhanden!', 1, 1, 6),
(149, '2002-02-21', '*]|[* RTH', 'www.rth-clan.de.vu', 2, 'kein Bericht vorhanden!', 1, 1, 6),
(150, '2002-02-21', 'iN', 'www.inflict.de', 2, 'kein Bericht vorhanden!', 1, 1, 6),
(151, '2002-03-04', 'Das Nichts [ ]', 'www.das-nichts.de.vu', 2, 'kein Bericht vorhanden!', 1, 1, 6),
(152, '2002-03-05', 'brs', 'www.clan-brainstorm.de', 2, 'kein Bericht vorhanden!', 1, 1, 6),
(153, '2002-03-06', 'RfB', 'http://www.clan-rfb.de.vu/', 2, 'kein Bericht vorhanden!', 1, 1, 6),
(154, '2002-04-07', 'TeT', 'www.team-telefragged.de', 2, 'kein Bericht vorhanden!', 1, 1, 6),
(155, '2002-03-07', 'isnogud', 'www.isnogud.org', 2, 'kein Bericht vorhanden!', 1, 1, 6),
(156, '2002-03-14', 'SLoQ', 'www.sloq.de', 2, 'kein Bericht vorhanden!', 1, 1, 6),
(157, '2002-03-18', 'seals', 'www.seals.wtal.de', 2, 'kein Bericht vorhanden!', 1, 1, 6),
(158, '2002-03-19', 'bodycount', 'www.bodycount.de', 2, 'kein Bericht vorhanden!', 1, 1, 6),
(159, '2002-03-20', 'DeathMasters', 'www.deathmasters.de', 2, 'kein Bericht vorhanden!', 1, 1, 6),
(160, '2002-03-24', 'BROOM', 'www.broomofdoom.com', 2, 'kein Bericht vorhanden!', 1, 1, 6),
(161, '2002-03-25', 'RP', 'www.rotten-psychos.de', 2, 'kein Bericht vorhanden!', 1, 1, 6),
(162, '2002-03-26', 'WoD', 'www.planetwod.de.vu', 2, 'kein Bericht vorhanden!', 1, 1, 6),
(163, '2002-03-27', 'RP', 'www.rotten-psychos.de', 2, 'kein Bericht vorhanden!', 1, 1, 6),
(164, '2002-04-01', 'sTa', 'www.smackthatass.de', 2, 'kein Bericht vorhanden!', 1, 1, 6),
(165, '2002-04-01', 'DeathMasters', 'www.deathmasters.de', 2, 'kein Bericht vorhanden!', 1, 1, 6),
(166, '2002-04-02', 'sr', 'www.team-stormreaver.com', 2, 'kein Bericht vorhanden!', 1, 1, 6),
(167, '2002-04-03', 'Vacuum City', 'www.vcclan.de', 2, 'kein Bericht vorhanden!', 1, 1, 6),
(168, '2002-04-07', 'BN', '', 12, 'kein Bericht vorhanden!', 1, 1, 6),
(169, '2002-04-07', 'Incubus', '', 12, 'kein Bericht vorhanden!', 1, 1, 6),
(170, '2002-04-07', 'qube.eC', '', 12, 'kein Bericht vorhanden!', 1, 1, 6),
(171, '2002-04-07', 'Asgard', '', 12, 'kein Bericht vorhanden!', 1, 1, 6),
(172, '2002-04-09', 'AOH', 'www.armyofhardcore.de', 2, 'kein Bericht vorhanden!', 1, 1, 6),
(173, '2002-04-10', 'zZz', '', 2, 'kein Bericht vorhanden!', 1, 1, 6),
(174, '2002-04-11', 'sTa', 'www.smackthatass.de', 2, 'kein Bericht vorhanden!', 1, 1, 6),
(175, '2002-04-11', 'AOH red', 'www.armyofhardcore.de', 13, 'kein Bericht vorhanden!', 1, 1, 6),
(176, '2002-06-01', 'DeathMasters', 'www.deathmasters.de', 2, 'kein Bericht vorhanden!', 1, 1, 6),
(177, '2002-04-30', 'isnogud', 'www.isnogud.org', 2, 'kein Bericht vorhanden!', 1, 1, 6),
(178, '2002-05-06', 'AOH blue', 'www.armyofhardcore.de', 2, 'kein Bericht vorhanden!', 1, 1, 6),
(179, '2002-05-06', 'sak', '', 2, 'kein Bericht vorhanden!', 1, 1, 4),
(180, '2002-05-27', 'team f', 'www.team-f.net', 1, 'kein Bericht vorhanden!', 1, 1, 6),
(181, '2002-06-04', 'DDT', 'www.sordid.de/ddt', 2, 'kein Bericht vorhanden!', 1, 1, 6),
(182, '2002-06-04', 'stf', 'www.special-task-force.de', 2, 'kein Bericht vorhanden!', 1, 1, 6),
(183, '2002-06-06', 'eX', 'www.excrucio.net', 1, 'kein Bericht vorhanden!', 1, 1, 1),
(184, '2002-06-10', 'Das Nichts [ ]', 'www.das-nichts.de.vu', 1, 'kein Bericht vorhanden!', 1, 1, 6),
(185, '2002-06-13', 'SLoQ', 'www.sloq.de', 2, 'kein Bericht vorhanden!', 1, 1, 6),
(186, '2002-06-13', 'OA', '', 2, 'kein Bericht vorhanden!', 1, 1, 6),
(187, '2002-06-17', 'wf', 'www.waidlafragger.de', 1, 'kein Bericht vorhanden!', 1, 1, 6),
(188, '2002-06-19', 'TeT', 'www.team-telefragged.de', 2, 'kein Bericht vorhanden!', 1, 1, 6),
(189, '2002-06-20', 'CBW', 'www.cbw-clan.de', 2, 'kein Bericht vorhanden!', 1, 1, 6),
(190, '2002-06-20', 'SLoQ', 'www.sloq.de', 2, 'kein Bericht vorhanden!', 1, 1, 6),
(191, '2002-06-23', 'SoL', 'www.sol.clanbase.de.vu', 2, 'kein Bericht vorhanden!', 1, 1, 6),
(192, '2002-06-23', 'sCo', '', 2, 'kein Bericht vorhanden!', 1, 1, 6),
(193, '2002-07-07', 'kta', 'www.kta-clan.de', 1, 'kein Bericht vorhanden!', 1, 1, 6),
(194, '2002-08-19', 'supervga', 'www.supervga.de', 1, 'kein Bericht vorhanden!', 1, 1, 6),
(195, '2002-09-09', 'ufqf', 'ufqf.strikenet.com', 1, 'kein Bericht vorhanden!', 1, 1, 2),
(196, '2002-09-09', 'Eisregen', 'www.team-eisregen.de', 1, 'kein Bericht vorhanden!', 1, 1, 6),
(197, '2002-09-16', 'DDT', 'www.sordid.de/ddt', 1, 'kein Bericht vorhanden!', 1, 1, 6),
(198, '2002-09-23', 'Brutal Deluxe', 'www.brutaldeluxe.de', 1, 'kein Bericht vorhanden!', 1, 1, 6),
(199, '2002-09-30', 'sohei', 'www.sohei.de', 1, 'kein Bericht vorhanden!', 1, 1, 6);

INSERT INTO clanwars (id, date, enemy, url, league_id, report, game_id, gametype_id, country_id) VALUES 
(200, '2002-07-03', 'gmpo', 'www.gamepoint-clan.de', 2, 'kein Bericht vorhanden!', 1, 1, 6),
(201, '2002-10-17', 'TeT', 'www.team-telefragged.de', 2, 'kein Bericht vorhanden!', 1, 1, 6),
(202, '2002-11-19', 'next five please', 'n5p.LANfreun.de', 2, 'alles gut gg', 1, 1, 6),
(203, '2002-11-24', 'Gladiators of Death', 'www.planet-god.org', 2, 'krazze rails', 1, 1, 6),
(204, '2002-11-25', 'Reservoir Dogs', 'www.reservoir-dogs.net.tc', 2, 'ganz netter gegner und teamplay bei uns wird besser.', 1, 1, 19),
(205, '2002-11-26', 'xore eSports', 'www.xore-esports.com', 2, 'Viel verbale Angriffe von xore\r\nhatten kein pb\r\n3 serverwechsel wegen denen', 1, 1, 6),
(206, '2002-12-01', 'Electronic Sports Organisation', 'www.esoclan.de', 2, 'sch?nes und Spiel mitm gegner der schnell und  freundlich alles ?ber die b?hne bringt', 1, 1, 6),
(207, '2002-12-09', 'sohei', 'www.sohei.de', 2, 'gg', 1, 1, 6),
(208, '2002-12-16', 'The Mysterious Guardians of Destiny', 'www.clan-mgd.de', 2, 'gg', 1, 1, 6),
(209, '2003-01-08', 'Venatores', 'www.venatores.net', 2, 'naja gegner is unsymphatisch', 1, 1, 2),
(210, '2003-01-16', 'Church of Senselessness', 'www.cos-clan.de', 2, 'kein Bericht vorhanden!', 1, 1, 6),
(211, '2003-01-23', 'Unit of Stormattack', 'www.uos.2ya.com', 2, 'kein Bericht vorhanden!', 1, 1, 6),
(212, '2003-01-29', 'BlackCrystal', 'www.blackcrystal.net', 2, 'nicht sehr ausgeglichene pingverhältnisse\r\n\r\nlineup: dwc Alex, Server2000, Dyg und motter\r\nenemy: BC zm1lodon, odd1ty, aTMz und DRQK', 1, 1, 6),
(213, '2003-02-10', 'sQuad Damage - red', 'www.squad-damage.de', 2, 'n1', 1, 1, 6),
(214, '2003-02-17', 'Clan-Ork', 'www.clan-ork.com', 1, 'komisches verhalten von ork vorm game', 1, 1, 6),
(215, '2003-02-24', 'isnogud', 'www244.kunden.speicherzentrale.de/hosted/clans/isnogud/', 1, 'keine probleme \r\ngutes spiel', 1, 1, 6),
(216, '2003-03-06', 'Team Telefragged', 'www.Team-Telefragged.de', 1, 'kein Bericht vorhanden!', 1, 1, 6),
(217, '2003-03-10', 'K-Town Alliance', 'www.kta-clan.de', 1, 'nicht unbedingt ein guter partner zum spielen\r\nf?llt durch komische spr?che auf', 1, 1, 6),
(218, '2003-03-17', 'Die Gesichtst?towierten Hafenarbeiter', 'www.clan-dgh.de', 1, 'kein Bericht vorhanden!', 1, 1, 6),
(219, '2003-03-24', 'Eisregen', 'www.team-eisregen.de', 1, 'gg', 1, 1, 6),
(220, '2003-04-01', 'Waidlafragger United e.V.', 'www.waidlafragger.de', 1, 'kein Bericht vorhanden!', 1, 1, 6),
(221, '2003-04-07', 'sohei', 'www.sohei.de', 1, 'kein Bericht vorhanden!', 1, 1, 6),
(222, '2003-04-14', 'ThirdQuad', 'www.3dq.de', 1, 'kein Bericht vorhanden!', 1, 1, 6),
(223, '2003-04-20', 'tdsc', 'www.tdsc.de', 2, 'gg @tdsc.\r\nbesonders cpm14 war ein hochspannendes spiel', 1, 1, 6),
(224, '2003-04-21', 'Biberbutzemaenner', 'www.biberbutzemaenner.de', 1, 'gg', 1, 1, 6),
(225, '2003-04-24', 'uns Kriegt Niemand ToT', 'www.ukn-tot.de', 14, 'gg\r\nnette jungs', 1, 1, 6),
(226, '2003-04-28', 'team-frs', 'www.team-frs.net', 1, 'wurde wohl geflamet', 1, 1, 6),
(227, '2003-05-03', 'DkH', '', 7, 'gg', 1, 1, 6),
(228, '2003-05-03', 'ec', '', 7, 'ec aka zZz (nicht die 2 gastspieler hawk und r@ph) hat inzwischen blutsturm in der ewigen lame list von platz 1 verdraengt.<br>\r\ncongratz ec ! :)', 1, 1, 6),
(229, '2003-05-03', 'DaRuler', '', 7, 'gg :)', 1, 1, 6),
(230, '2003-05-04', 'r3load', '', 7, 'lineup r3load: deatz|dr, litch|dr, krueo<<rew und a-L|RuRu\r\n<br><br>\r\ngg jungs :)', 1, 1, 6),
(231, '2003-05-12', 'ashlen', 'ashlen.clanintern.de', 1, 'kein Bericht vorhanden!', 1, 1, 6),
(232, '2003-05-12', 'Team Telefragged', 'www.Team-Telefragged.de', 14, 'kein Bericht vorhanden!', 1, 1, 6),
(233, '2003-05-14', 'TeT', 'www.team-telefragged.de/', 15, 'gg', 1, 1, 6),
(234, '2003-05-19', 'uns Kriegt Niemand ToT B-Team', 'www.ukn-tot.de', 1, 'gg', 1, 1, 6),
(235, '2003-06-02', 'sohei', 'www.sohei.de/', 14, 'leider kann ich hier nur 2 maps  eintragen!\r\nsohei gewann seine map ospdm6 mit 72:105.', 1, 1, 6),
(236, '2003-06-03', 'ashlen', 'ashlen.clanintern.de', 15, 'gg', 1, 1, 6),
(237, '2003-06-05', 'isnogud', 'www.isnogud.net', 2, 'kein Bericht vorhanden!', 1, 1, 6),
(238, '2003-06-10', 'Brummkreisel', 'www.brummkreisel.org', 14, 'gg, Brummkreisel hat nach map1 aufgegeben', 1, 1, 6),
(239, '2003-06-11', 'maSTERBlasters', 'www.masterblasters.info', 2, 'kein Bericht vorhanden!', 1, 1, 6),
(240, '2003-06-26', 'team-enclave', 'ec.spaceboyz.net', 2, 'Lineups:\r\nlave: ref, rd, perfeek, defl und coach\r\ndwc: n4cer, outi, warlock, motter und coach timo', 1, 1, 2),
(241, '2003-06-30', 'biber', 'www.biberbutzemaenner.de', 14, 'gg', 1, 1, 6),
(242, '2003-07-17', 'swiss under quakers', 'www.swissquake.ch/suq', 1, '----', 1, 1, 4),
(243, '2003-07-10', 'xe', 'www.team-xenon.de', 7, '', 2, 1, 6),
(244, '2003-07-17', 'ApR', 'www.apr-clan.ch', 7, '', 2, 1, 4),
(245, '2003-07-13', 'RoR', 'www.ror-clan.de', 7, '', 2, 1, 6),
(246, '2003-07-22', 'maSTERBlasters', '', 15, '', 1, 1, 6),
(247, '2003-07-23', 'Men at Arms', 'www.menatarms.de', 7, 'Netter Gegner\r\ngutes match', 2, 1, 6),
(248, '2003-07-30', 'n5p!', 'www.n5p.de', 2, 'gg', 1, 1, 6),
(249, '2003-07-31', 'Headquater Duesseldorf', '', 7, 'Fairer Gegner. thx Jungx!', 1, 1, 6),
(250, '2003-08-13', 'The Dark Legion', 'www.planet-tdl.de', 7, 'Leider haben TDL nur 3 Member zusammenbekommen und das Match ging defwin f?r uns aus! Schade Jungx aber wir machen demn?chst mal nen Train zusammen.', 2, 1, 6),
(251, '2003-09-16', 'Chemical Biological Warfare - ET Toxic', 'http://www.cbw-clan.de', 7, 'Sch?nes Match mit einem verdienten Sieger. Ein Unentschieden h?tte zwar eigentlich drin sein m?ssen, da wir ne ziemlich gute Zeit auf Oasis vorgelegt hatten, aber es sollte halt nicht sein. :/\r\nThx 4 play und GL an cbw f?r die folgenden Matches.', 2, 1, 6),
(252, '2003-09-18', 'Saar-Fragging-Alliance', 'www.sfa-germany.de', 7, 'Auf Goldrush konnten wir die kompletten 30 min halten und haben dann unser Gold in ca. 10 min geholt. Nachdem wir dann auf Radar ne Zeit von 8 min vorgelegt hatten waren wir wohl schon ein bisschen zu siegessicher. Zumindest ist bei der Verteidigung so ziemlich alles schief gelaufen was schief laufen kann. SFA nutze diese Schw?chen nat?rlich sofort und pr?gelte uns eine Hammerzeit rein!!!\r\n\r\nZwar traurig um die Punkte, aber es war auf jeden Fall ein sehr sch?nes game was viel fun gemacht hat.\r\n\r\nthx @ SFA und weiterhin GL ', 2, 1, 6),
(253, '2003-09-23', 'Brummkreisel Oberwuerste', 'www.brummkreisel.org', 2, 'gg brummi', 1, 1, 6),
(254, '2003-09-25', 'cbw/acid', 'www.cbw-clan.de', 7, 'hm, wurden schlicht weg ?berannt. heute war mal wieder der wurm drin.', 2, 1, 6),
(255, '2003-10-09', 'post Mortem', 'www.postmortem.nl/index.html', 7, '', 2, 1, 13),
(256, '2003-10-28', 'Allied-Team', '', 7, '', 2, 1, 6),
(257, '2003-11-10', 'The Shadow Warroirs', 'www.the-shadow-warriors.de', 3, 'gg', 1, 1, 6),
(258, '2003-11-15', 'INF', '', 7, 'tdm turnierspiel auf der c-maxx5', 1, 1, 6),
(259, '2003-11-16', 'INF', '', 7, 'turnierspiel auf der c-maxx5', 1, 1, 6),
(260, '2003-11-20', 'GPF', 'www.gpf-clan.de', 2, 'gg', 1, 1, 6),
(261, '2003-11-20', 'sohei', 'www.sohei.de', 2, 'gg', 1, 1, 6),
(262, '2003-12-01', 'DGH', 'www.clan-dgh.de', 1, 'gg', 1, 1, 6),
(263, '2003-12-08', 'TeT', 'www.team-telefragged.de', 1, 'gg', 1, 1, 6),
(264, '2003-12-15', 'sohei', '', 1, 'gg', 1, 1, 6),
(265, '2004-01-05', '3dQ', 'www.3dq.de', 1, 'gg', 1, 1, 6),
(266, '2004-01-27', 'GoD', 'www.planet-god.org', 1, 'gg', 1, 1, 6),
(267, '2004-01-27', 'obc - oldboys clan', 'www.oldboys.at/', 7, 'Super Spiel auf beiden Maps! Aber das wichtigste ein netter und fairer Gegner!!!\r\nThx @ obc', 2, 1, 2),
(268, '2004-02-09', 'Masters of Pain', '', 7, '', 2, 1, 6),
(269, '2004-02-19', 'xXx', 'www.clanxxx.frandt.com/', 3, 'gg', 1, 1, 1),
(270, '2004-02-26', 'Allied Team Black', '', 7, 'Spannends Spiel! Fairer Gegner! GG', 2, 1, 6),
(271, '2004-02-26', 'pb', 'www.point-blank.dk', 3, 'gg', 1, 1, 7),
(272, '2004-03-02', 'CyT', 'zor.org/clan-cyt', 3, 'gg', 1, 1, 1),
(273, '2004-03-03', 'isnogud', 'www.isnogud.net/', 2, 'gg', 1, 1, 6),
(274, '2004-03-09', 'GF', 'www.godforsaken.net', 3, 'gg', 1, 1, 5),
(275, '2004-03-11', 'TeT', '', 2, 'gg', 1, 1, 6),
(276, '2004-03-24', 'nAoS', 'www.clan-naos.de', 2, 'gg', 1, 1, 6),
(277, '2004-04-01', 'bka', 'www.planetbka.de', 2, 'gg', 1, 1, 6),
(278, '2004-04-06', 'lave', 'www.e-tecnix.de/temp/ec/', 1, 'gg', 1, 1, 2),
(279, '2004-04-07', 'cbw', 'www.cbw-clan.de', 2, 'gg', 1, 1, 6),
(280, '2004-04-12', 'qah', 'www.quad-at-home.de', 2, 'gg', 1, 1, 6),
(281, '2004-04-25', 'xore', '', 1, 'gg', 1, 1, 6),
(282, '2004-04-26', 'GoD', '', 1, 'gg', 1, 1, 6),
(283, '2004-04-29', 'GoD', '', 2, 'gg', 1, 1, 6),
(284, '2004-05-02', 'sTa', 'www.smackthatass.de', 1, 'gg', 1, 1, 6),
(285, '2004-05-04', 'p0x', '', 3, 'gg', 1, 1, 16),
(286, '2004-05-10', 'SD', 'www.spirit-of-darkness.de', 1, 'gg', 1, 1, 6),
(287, '2004-05-23', 'LKFF', 'www.lkff.nl', 1, 'gg', 1, 1, 13),
(288, '2004-05-23', 'nAoS', '', 1, 'gg', 1, 1, 6),
(289, '2004-07-10', 'bka', '', 7, 'gg', 1, 1, 6),
(290, '2004-09-21', 'dp', 'www.darkpreachers.barrysworld.net', 3, 'sehr spannende 3.map!!!!', 1, 2, 13),
(291, '2004-09-28', 'pyro', '', 3, '2 map wurde leider nicht mehr gespielt', 1, 1, 10),
(292, '2004-09-29', 'aw', 'www.aw.com', 3, 'defwin', 1, 1, 1),
(293, '2004-10-05', 'a2k', 'www.a2k.net', 3, '', 1, 1, 19),
(294, '2004-10-11', 'GoD', '', 1, '2.map war ospdm15rc', 1, 1, 6),
(295, '2004-10-12', 'tbo', 'www.tbo.org', 3, '', 1, 1, 14),
(296, '2004-10-18', 'isnogud', '', 1, '', 1, 1, 6),
(297, '2004-11-01', 'QL', '', 3, 'defwin', 1, 1, 1),
(298, '2004-11-01', 'nAoS', '', 1, '', 1, 1, 6),
(299, '2004-11-02', 'tuum', '', 3, '', 1, 1, 6);

INSERT INTO clanwars (id, date, enemy, url, league_id, report, game_id, gametype_id, country_id) VALUES 
(300, '2004-11-08', 'LKFF', '', 1, '', 1, 1, 13),
(301, '2004-11-15', 'sTa', '', 1, '', 1, 1, 6),
(302, '2004-11-18', 'GoD', '', 2, '', 1, 1, 6),
(303, '2004-11-25', 'Cata', '', 2, '', 1, 1, 6),
(304, '2004-12-02', 'nAoS', '', 2, '', 1, 1, 6),
(305, '2004-12-09', 'isnogud', '', 2, '', 1, 1, 6),
(306, '2005-03-10', 'bsl', 'www.bremer-spiele-liga.de/news.tq3', 1, '', 1, 2, 6),
(307, '2005-03-15', 'gFBI', 'www.gfbi-clan.de', 1, '', 1, 2, 6),
(308, '2005-03-20', 'mYm-ctf', '', 3, '', 1, 2, 4),
(309, '2005-04-05', 'mad!', 'www.team-mad.org', 7, 'Die erste Map war spielerisch sehenswerter als die Zweite. Dennoch fiel p1 Teil2 eindeutiger aus.', 1, 2, 6),
(310, '2005-04-10', 'gR', 'goldenrocket.free.fr', 17, 'Heute ging es gegen den franz?sischen Clan goldenRockets um den Aufstieg in der ClanBase. Gespielt wurde ein 5 Punkte System. Pro Sieg gibt es 2 Punkte, Tied 1 Pkt und Loss 0. Gespielt wird bis ein Team zuerst 5 Punkte erreicht.\r\n\r\n1. Map wcp1  (Wahl: dwc)\r\nLos ging es zum Auftakt der Clanbase Playoffs mit unserer Homemap p1. Unsere Off machte die ersten 10Minuten sch?n Druck und die Def stand auch sicher. Somit konnten wir uns rasch mit 2:0 absetzen. Wir sahen uns bis 2Minuten vor Schluss auf der sicheren Seite. Dann geschah wieder ung?nstiger Crosscap mit besseren Ende f?r gR.\r\nEndstand: dwc 2:1 gR\r\n\r\n2. Map ctf2 (Wahl: gR)\r\nNun ging es auf der Homemap von gR zur Sache. Man zeigte uns mit erotischen Movement wie schnell man auf dieser Map vorankommt und warum das eigentlich deren Pornomap ?berhaupt ist. Naje, es hagelte Caps und wir machten sogar nen Ehrencap!\r\nEndstand: dwc 1:6 gR\r\n\r\n3. Map w3 (Wahl: dwc)\r\nDiese Map war eine der vielleicht interessantesten Maps. Die Mapcontrol war relativ ausgeglichen und wir konnten auch fast immer MidPU und unseres ergattern. Trotzdem blieb es uns verg?nnt  durch die Mitte zu kommen. In der  letzten Minuten konnten wir beinahe einen Crosscap erfolgreich abschlie?en, nur fehlten lediglich 3Sekunden. Der Admin viel ein weiteres Mal negativ auf und verga? vor der gesamten Partie den No-Overtime-Mode einzustellen. Wir machten 3Sekunden in der Overtime einen Cap und gR began zu protestieren... \r\nEndergebnis: dwc 0:0 gR\r\n\r\n4. Map wcp9 (Wahl: gR)\r\nDies war f?r uns jetzt die Chance um gR zu schlagen. Anders als bei ctf2 standen wir hier hinten und vorne sicher. Die Mitte wurde immer sch?n freiger?umt und so gingen wir schnell mit 2:0 in F?hrung. Siegessicher gingen wir in die letzten 2 Minuten. Dank eines eingebauten Invisibility konnte gR einen Cap kurz vor Schluss machen. Bis heute ist noch nicht ganz klar wie er sich in der Mitte durchgemogelt hat.\r\nEndergebnis: dwc 2:1 gR\r\n\r\nSomit haben wir die erste Playoff-Runde mit 5-3 gewonnen.\r\n\r\ngg&wp gR', 1, 2, 10),
(311, '2005-04-21', 'kass', '', 17, 'Hier ging es im Halbfinale der cb-playoffs gegen den estl?ndischen Clan saKass um die Wurst. Vor Spielbeginn fiel kass sehr negativ auf, da sie unbegr?ndet uns lange hinhielten, um keinen def-win oder gar eine Verschiebung des Spiels zu riskieren. Erst mit Admin Carillo?s Hilfe konnten wir uns einigen und fanden nach ca 45Min nach offiziellen Matchbegin auch einen equal Server.\r\n\r\n1. Map wcp9 (Wahl: kass)\r\nAuf deren Homemap versuchten wir Ping-bedingt mal eine taktische Sensation aus. Hier konnten wir ?ber 20Minuten fast immer mit mindst. 2PU?s angreifen und vorne richtig Druck machen. So gingen wir sicher mit 3Caps in F?hrung. Als dann Kass beschloss mit 5 Offense zu spielen haben wir ein bisschen zuviel gestaunt.\r\nEndergebnis dwc 3:1 kass\r\n\r\n2. Map wcp1 (Wahl: dwc)\r\nTaktisch gesehen wurde auf unserer Homemap auf alt bew?hrtes gesetzt. Keine Spielereien, sondern nur ein Sieg sollte es sein. Mit entsprechender Motivation gingen wir auch diese Map an. Schnell fiel durch den Druck unserer Off das 1:0. Der zweite Cap sollte allerdings nicht sooo schnell fallen. Deswegen verhinderte ich erstmal das 2:0 durch eine direkte Rox auf unseren FC :x (no comments pls!). Naja, trotzdem konnten wir uns trotzdem noch mit 3Caps absetzen. Einen Ehrencap in den letzten Minuten haben wir nicht kassiert.\r\nEndstand: dwc 3:0 kass\r\n\r\n3. Map w7 (Wahl: kass)\r\nNicht unsere Lieblingsmap, aber uns reichte ja auch ein tie. So spielten wir diese Map auch defensiver. 3Defs waren zu viel f?r kass und unsere Flagge kam selten aud der Base. kass stellte sich nicht so richtig darauf ein und spielte auch mit 3 Defs. So hatten unsere 2 Offender kein leichtes Spiel. Trotzdem brachten sie die Flagge einmal durch und wir f?hrten mit einem Cap. Jetzt musste Kass reagieren und attakierte mit 4Offs. Aber unsere Def hielt stand und sie konnten kaum aus der Base raus. Dies blieb auch nicht unbelohnt und sie machte noch einen Cap. Dieser erfolgte aber leider zu sp?t f?r einen weiteren.\r\nEndstand: dwc 1:1 kass\r\n\r\nSomit setzten wir uns mit 5:1 Punkten durch und stehen somit in den PlayOff Finale. Dort wird es gegen die Belgier DX! ans Werk gehen.\r\n\r\nkass ... ', 1, 2, 8),
(312, '2005-05-31', 'NT', 'www.clan-nt.de', 7, '1 Map q3wcp1 (Wahl: dwc)\r\n\r\nZum Start spielten wir unsere gute alte Homemap und gingen zu unser Erstaunen in R?ckstand, da NT durch einen fr?hen Cap ?berraschte. Danach mussten wir uns zusammenrei?en und wieder konzentriet weiterspielen. Unsere Off machte gute Arbeit vorne und wir konnten schnell ausgleichen. Durch den sehr guten Druck konnte unsere Off ganze 8 (!) Caps zaubern, und die Zeit verging wie im Flug. Hinten standen wir gut positioniert und die Flag ging nur selten aus unserer Base. Zeitweise konnten wir auch mit einer Def spielen, welches sich aber gegen Ende nichtmehr realisieren lie?, da NT noch nicht aufgegeben hatte und nochmals einen Cap ansteuerte.\r\n\r\nEndstand: dwc 8:1 NT\r\n\r\n\r\n2. Map: q3wcp9 (Wahl: NT)\r\n\r\nHier mussten wir nun beweisen, was wir in den 2 Wochen gelernt hatten. Noch vor ein paar Tagen wurde uns auf dieser Map eindrucksvolles CTF geboten.\r\nHier stellten wir in letzter Sekunde noch die Taktik um und versuchte so unser Gl?ck. Dies hielt nicht sehr lange und wir wurden mit einen Cap seitens NT bestraft. Wir hielten aber weiterhin an unser pwnage-Mitte-Taktik fest und Freeze machte einen sauberen Job. Nach einigen PU?s glichen wir aus und NT legte nach. Das ganze Match war sehr interessant anzusehen, da auch unser Coach nach einiger Zeit lieber zusah als zu timen x_0 Sodann stand es 3 Minuten vor Schluss 4:4. Wir sahen das was wir eiglt. nicht wollten: Das dieses Spiel auf 3 Maps ausgetragen wird. So dachten sich einigen von uns: "Schlimmer kann es nicht kommen...". Und es kam schlimmer. NT klaute dem sub die Flagge und ging mit 5:4 2 Minuten vor Schluss dem Sieg entgegen. Doch irgendwie schaffte es unsere Off doch noch die Flag ?ber die Mitte zu bringen und wir glichen in der letzten Minute aus. Von nun an waren wir und einig, dass ein Tied besser ist als ein Loss auf p9. \r\nDa aber der Phoenix in der Enemy-Base respawned ist dachte er sich: "Nehm? ich mir halt mal die Flagge mit, wenn die sie nicht brauchen...", kam damit irgendwie ?ber Mid und wurde herzlich bei uns in der Baee von uns empfangen. Cap in den letzten Sekunden und der Sieg f?r uns.\r\n\r\nEndstand: dwc 6:5 NT\r\n\r\ngg NT', 1, 2, 6),
(313, '2006-01-26', 'Angel', 'www.clanfallenangels.prv.pl', 1, 'kein Bericht vorhanden!', 1, 1, 14),
(314, '2006-02-12', 'ns', 'www.nemesisclan.org', 1, 'gg', 1, 1, 5),
(315, '2006-02-12', 'pRo', 'www.Team-pRophecy.net', 1, 'gg', 1, 1, 6),
(316, '2006-02-23', 'P!', 'www.quake.imro.pl/p/', 1, 'gg', 1, 1, 14),
(317, '2006-02-26', 'V3', 'www.voodoo-team.org', 1, 'kein Bericht vorhanden!', 1, 1, 14),
(318, '2006-05-09', 'dead', 'hem.bredband.net/kgbra/xaus/dead.JPG', 3, 'gg', 1, 1, 16),
(319, '2006-05-08', 'DRS', 'www.darksaga.nl', 3, 'gg', 1, 2, 1),
(320, '2006-05-11', 'nf', 'team-infinity.ath.cx', 3, 'gg', 1, 2, 6),
(321, '2006-05-17', 'BoB', 'bob-clan.de', 3, 'boah, sau spannend ! :)', 1, 2, 6),
(322, '2006-05-18', 'DRS', 'www.darksaga.nl', 7, 'gg', 1, 2, 1),
(323, '2006-05-21', 'XP', 'www.klan-xp.tk', 3, 'gg', 1, 1, 17),
(324, '2006-05-22', 'ns', 'www.nemesisclan.org', 1, 'gg', 1, 1, 5),
(325, '2006-05-28', 'teh', 'www.teh-evil.org/', 3, 'gg', 1, 1, 8),
(326, '2006-05-29', 'goD', 'www.teamgod.it', 3, 'gg!', 1, 1, 12),
(327, '2006-05-29', 'v3', 'www.voodoo-team.org', 1, 'gg', 1, 1, 14),
(328, '2006-05-30', 'goD', 'www.teamgod.it', 3, 'gg, but a hell of lags on that swiss server :(', 1, 2, 12),
(329, '2006-06-06', 'fruchteis', 'www.army-of-losers.de', 1, 'gg', 1, 2, 6),
(330, '2006-06-08', 'gFBI', 'www.gfbi-clan.de', 1, '', 1, 2, 6),
(331, '2006-06-08', 'PROST', 'www.prost-germany.de', 1, 'gg', 1, 2, 6),
(332, '2006-05-31', 'aoa', 'www.apocalypse.at', 3, 'gg', 1, 2, 2),
(333, '2006-06-12', 'sfh', 'www.team.sfh.de.vu', 1, 'gg', 1, 1, 6),
(334, '2006-06-18', 'WzJ', 'www.clan-wzj.de.vu', 1, 'gg', 1, 1, 6),
(335, '2006-06-28', 'bka', 'bka.ch1mera.it', 1, 'gg', 1, 1, 6),
(336, '2006-06-28', 'ddt', 'www.sordid.de/ddt', 1, 'gg', 1, 1, 6),
(337, '2006-07-03', 'bi', 'www.bi.raketenbasis.de', 1, 'gg', 1, 1, 6),
(338, '2006-07-06', 'FA', 'http://www.frag-agency.de.vu', 4, 'gg', 1, 2, 6),
(339, '2006-07-11', 's32', 'systeam32.quakexpert.com', 4, 'gg', 1, 2, 10),
(340, '2006-07-17', 'hq', 'www.mutantpc.f2s.com', 5, 'gg', 1, 2, 19),
(341, '2006-07-26', 'CoD', 'www.freespirits-network.org.uk/cod/', 4, 'gg', 1, 2, 1),
(342, '2006-07-26', 'rDt', '', 5, 'gg', 1, 2, 10),
(343, '2006-07-31', 'M', '', 4, 'gg', 1, 2, 10),
(344, '2006-07-31', 'RsC', 'users.pandora.be/etern/RsC', 5, 'gg', 1, 2, 1),
(345, '2006-08-08', 'rDt', '', 4, 'gg', 1, 2, 10),
(346, '2006-08-14', 'BiG', '', 5, 'gg', 1, 2, 16),
(347, '2006-08-14', 'sog', '', 4, 'gg', 1, 2, 10),
(348, '2006-08-20', 'eS', 'www.elitesquad.co.uk', 3, 'gg', 1, 1, 1),
(349, '2006-08-27', 'FA', 'www.frag-agency.de.vu', 1, 'gg', 1, 1, 6),
(350, '2006-08-28', 'cbw', '', 3, 'gg', 1, 1, 6),
(351, '2006-08-28', 'LR', 'www.clan-lastresort.nl', 5, 'gg', 1, 2, 13),
(352, '2006-09-04', 'CoD', 'http://www.freespirits-network.org.uk/cod/', 5, 'gg', 1, 2, 1),
(353, '2006-09-11', 'mQa', 'www.mqa.d-steff.com', 5, 'gg', 1, 2, 1),
(354, '2006-10-17', 'stoner', '', 4, 'gg', 1, 2, 1),
(355, '2006-10-24', 'vince', '', 1, 'gg', 1, 1, 12),
(356, '2006-10-26', 'q3s', 'www.qlllschluempfe.de', 1, 'gg, super spiel, THX an alle !!', 1, 2, 6),
(357, '2006-10-23', 'DX!', '', 6, 'gg', 1, 2, 3),
(358, '2006-10-29', 'rdt', '', 4, 'gg', 1, 2, 10),
(359, '2006-10-30', 'PROST', 'www.prost-germany.de', 6, 'gg', 1, 2, 6),
(360, '2006-11-05', 'esp', 'www.the-esp.net', 1, 'gg!', 1, 2, 6),
(361, '2006-11-02', 'ns', 'www.nemesisclan.org/', 1, 'gg', 1, 1, 5),
(362, '2006-11-07', 'eis', 'www.army-of-losers.de', 1, 'gg!', 1, 2, 6),
(363, '2006-11-09', 'cyd', '', 4, 'gg', 1, 2, 16),
(364, '2006-11-08', 'vO', 'www.virtual-owners.com/q3a', 3, 'gg', 1, 1, 5),
(365, '2006-11-13', 'CoD', '', 6, 'gg', 1, 2, 1),
(366, '2006-11-14', 'clz', 'www.clz.de', 1, 'gg', 1, 2, 6),
(367, '2006-11-20', 'LR', '', 6, 'gg', 1, 2, 13),
(368, '2006-11-21', 'dRs', '', 1, 'gg', 1, 2, 1),
(369, '2006-11-21', 'DX!', '', 4, 'gg', 1, 2, 3),
(370, '2006-11-23', 'SoG', '', 4, 'gg', 1, 2, 10),
(371, '2006-11-26', 'v3', 'www.voodoo-team.org', 1, 'gg', 1, 1, 14),
(372, '2006-11-27', 'elite', '', 1, 'gg', 1, 1, 1),
(373, '2006-11-29', 'vinco', '', 3, 'gg', 1, 2, 12),
(374, '2006-11-30', 'egoD', '', 3, 'gg', 1, 1, 1),
(375, '2006-12-04', 'GRAND', '', 4, 'gg', 1, 2, 1),
(376, '2006-12-06', 'BiG', '', 4, 'gg', 1, 2, 16),
(377, '2006-12-06', '_wZ', '', 3, 'gg', 1, 2, 10),
(378, '2006-12-07', '4F', '', 3, 'gg', 1, 1, 6),
(379, '2006-12-07', 'LR', '', 6, 'gg', 1, 2, 13),
(380, '2006-12-12', 'FA', 'www.facups.eu.tf/', 3, 'gg', 1, 1, 6),
(381, '2006-12-11', 's32', 'systeam32.quakexpert.com/', 5, 'gg', 1, 2, 10),
(382, '2006-12-17', 'dlx', '', 3, 'gg!', 1, 1, 9),
(383, '2006-12-18', 'DX!', 'www.dimensionx.be', 5, 'gg', 1, 2, 3),
(384, '2005-04-28', 'DX!', 'www.dimensionx.be', 3, 'gg', 1, 2, 3),
(385, '2007-01-08', 'LR', 'www.clan-lastresort.nl', 5, 'gg', 1, 2, 13),
(386, '2007-01-16', 'w0w', '', 5, 'gg', 1, 2, 10),
(387, '2007-01-18', 'aL', '', 3, 'gg', 1, 1, 6),
(388, '2007-01-22', 'FA', 'http://www.edvpd.de/FA/script/index.php', 5, 'gg', 1, 2, 6),
(389, '2007-01-23', 'FA', 'www.edvpd.de/FA/script/index.php', 3, 'gg', 1, 2, 6),
(390, '2007-01-29', 'PROST', 'www.prost-germany.de', 5, 'gg', 1, 2, 6),
(391, '2007-02-01', 'eS', 'www.elitesquad.co.uk/', 3, 'gg', 1, 1, 1),
(392, '2007-02-04', 'dRs', 'www.drs-gaming.eu', 3, 'gg', 1, 2, 1),
(393, '2007-02-05', 'esp', 'www.the-esp.net', 5, 'gg', 1, 2, 1),
(394, '2007-03-08', 'AofL', 'www.army-of-losers.de', 1, 'gg', 1, 2, 6),
(395, '2007-03-05', 'UF', 'www.ultrafrag.pl', 1, 'gg', 1, 1, 14),
(396, '2007-03-04', 'SP', 'sp.mam.sk', 1, 'gg', 1, 1, 18),
(397, '2007-03-22', 'gFBI', 'www.gfbi-clan.de ', 1, 'gg', 1, 2, 6),
(398, '2007-04-04', 'BoB', 'www.bob-clan.de', 1, 'gg', 1, 2, 6),
(399, '2007-04-12', 'dr.fps', 'q3a.sytes.net', 1, 'gg', 1, 2, 6),
(400, '2007-04-11', 'wCm', 'www.wreckamob.org', 3, 'gg', 1, 1, 1),
(401, '2007-09-05', '.x7', 'www.x7clan.co.uk', 3, 'Our first ET:QW war :-)', 3, 3, 1),
(402, '2007-10-22', 'TIER', 'stfo.de', 3, 'gg!', 3, 3, 6),
(403, '2007-10-29', 'LeGion', 'www.team-legion.org', 3, 'gg', 3, 3, 15),
(404, '2007-11-04', 'STnT', 'www.swiss-tnt.ch', 3, 'gg', 3, 3, 4),
(405, '2007-11-06', 'TKA', 'www.t-k-a.com', 2, 'gg', 3, 3, 2),
(406, '2007-11-14', 'eyeG', 'eyegaming.net', 3, '', 3, 3, 16),
(407, '2007-11-15', 'zeitlos', 'www.spiel-zeitlos.de', 2, 'gg', 3, 3, 6),
(408, '2007-11-19', 'mb', 'www.masterblasters.de', 2, 'gg', 3, 3, 6),
(409, '2007-11-22', 'YBY', 'www.yby.nl', 3, 'gg', 3, 3, 13),
(410, '2007-11-25', 'vTo', 'vTo.SE-Media-Solutions.de', 2, '', 3, 3, 6),
(411, '2007-11-25', 'raGe', 'www.nochnix.de', 2, '', 3, 3, 6),
(412, '2007-11-26', 'vd', 'vd-gaming.pl', 3, '', 3, 3, 14),
(413, '2007-11-28', 'kc', 'www.KomaCrew.com', 2, '', 3, 3, 6),
(414, '2007-11-29', 'w4sp', 'www.w4sp.de', 2, '', 3, 3, 6),
(415, '2007-12-02', 'sms', 'sms.sonntagmorgen.at', 3, 'gg', 3, 3, 2),
(416, '2007-12-03', 'ades', 'www.ades-gaming.com', 3, 'gg', 3, 3, 14),
(417, '2007-12-05', 'NOB', 'www.mrcine.org', 3, '', 3, 3, 11),
(418, '2007-12-09', 'rTg', 'www.rtg-clan.com', 3, '', 3, 3, 6),
(419, '2007-12-16', 'C4', '', 3, '', 3, 3, 14),
(420, '2007-12-16', 'OBC', 'www.oldboys.at', 3, '', 3, 3, 2),
(421, '2007-12-17', '.care?', 'www.teamxtreme.org.uk', 3, '', 3, 3, 1),
(422, '2007-12-18', 'SoH', 'www.sohteam.glt.pl', 3, '', 3, 3, 14),
(423, '2008-01-13', 'kc', 'www.komacrew.com', 2, '', 3, 3, 6),
(424, '2008-01-17', 'egp', 'www.team-egamespoint.de', 2, '', 3, 3, 6),
(425, '2008-01-21', 'C4', 'www.authentic-gaming.pl/', 3, '', 3, 3, 14),
(426, '2008-01-23', 'tx', 'www.teamxtreme.org.uk', 3, '', 3, 3, 19),
(427, '2008-01-27', 'Tt', 'www.team-thermaltake.de/', 2, '', 3, 3, 6),
(428, '2008-01-27', 'kc', 'www.komacrew.com/', 2, '', 3, 3, 6),
(429, '2008-01-27', 'mortus', 'www.mortus-gaming.com', 3, '', 3, 3, 19),
(430, '2008-02-06', 'pV', '', 3, '', 3, 3, 14),
(431, '2008-02-12', 'xsl', 'www.xslclan.it/', 2, '', 3, 3, 12),
(432, '2008-02-24', 'OBC', 'www.oldboys.at', 3, '', 3, 3, 2),
(433, '2008-02-24', 'fgn', 'www.fightgenossen.ch', 2, '', 3, 3, 4),
(434, '2008-02-26', 'Qf!', 'quakeforce.com', 3, '', 3, 3, 19),
(435, '2008-03-02', 'pHys1x', 'www.phys1x-gaming.com', 3, '', 3, 3, 1),
(436, '2008-03-03', 'ephix', 'www.team-ephix.eu', 2, '', 3, 3, 1),
(437, '2008-03-06', 'HeXagon', 'www.hex-esports.net', 3, '', 3, 3, 16),
(438, '2008-03-09', 'AHK', 'www.ahkclan.cz', 3, 'gg', 3, 3, 5),
(439, '2008-03-11', 'snakepit', 'www.snakepit.be', 3, '', 3, 3, 9),
(440, '2008-03-13', 'Spanky', '', 3, '', 3, 3, 1),
(441, '2008-03-18', '?', 'www.team-explanation.com', 3, 'gg', 3, 3, 1),
(442, '2008-04-09', 'CF', 'et.cf-team.ru/', 3, 'gg', 3, 3, 15),
(443, '2008-04-02', 'ES', 'es.mygameclan.com/', 3, 'gg', 3, 3, 20),
(444, '2008-03-30', '!Qf!', 'quakeforce.com', 3, 'gg', 3, 3, 19),
(445, '2008-03-31', 'CF', 'et.cf-team.ru/', 3, 'gg', 3, 3, 15),
(446, '2008-05-11', 'PROST', 'www.prost-germany.de/', 20, 'no report', 1, 2, 6),
(447, '2008-05-18', '!nf', 'team-infinity.ath.cx', 20, 'no report', 1, 2, 6),
(448, '2008-05-19', '!nf', 'team-infinity.ath.cx/', 1, 'gg', 1, 2, 6),
(449, '2008-05-25', 'RK', 'www.q3ctfl.jolt.co.uk/', 20, 'gg''s', 1, 2, 14),
(450, '2008-05-29', 'tit', 'clan-team-intim.de', 1, 'gg', 1, 2, 6),
(451, '2008-06-02', 'M', 'www.clan-m.org/', 20, 'gg', 1, 2, 10),
(452, '2008-06-04', 'PROST', 'www.prost-germany.de/', 1, 'gg', 1, 2, 6),
(453, '2008-06-23', 'BoB', 'www.bob-clan.de', 1, 'gg', 1, 2, 6),
(454, '2008-07-10', 'M', 'www.own-you.com', 3, 'no report', 1, 2, 10),
(455, '2008-07-13', '!nf', 'team-infinity.ath.cx', 3, 'no report', 1, 2, 6),
(456, '2008-07-21', 'RK', '', 3, 'no report', 1, 2, 14),
(457, '2008-10-01', 'vdw', 'www.vdw-clan.de', 3, 'no report', 1, 2, 6),
(458, '2008-10-19', 'magic', '', 3, 'gg!', 1, 2, 15),
(459, '2008-10-20', 'q3s', 'www.qlllschluempfe.de', 3, 'gg', 1, 2, 6);

INSERT INTO scores (id, match_id, dwc_score, enemy_score, map_id) VALUES 
(1, 1, 21, 57, 39),
(2, 1, 60, 48, 12),
(3, 2, 123, 236, 39),
(4, 2, 0, 0, 39),
(5, 3, 76, 173, 39),
(6, 3, 0, 0, 39),
(7, 4, 59, 104, 39),
(8, 4, 34, 47, 12),
(9, 5, 186, 218, 39),
(10, 5, 0, 0, 39),
(11, 6, 113, 181, 39),
(12, 6, 0, 0, 39),
(13, 7, 130, 94, 39),
(14, 7, 0, 0, 39),
(15, 8, 305, 96, 39),
(16, 8, 0, 0, 39),
(17, 9, 79, 55, 12),
(18, 9, 106, 107, 11),
(19, 10, 54, 139, 39),
(20, 10, 54, 157, 12),
(21, 11, 192, 176, 39),
(22, 11, 0, 0, 39),
(23, 12, 46, 168, 5),
(24, 12, 67, 107, 12),
(25, 13, 109, 87, 39),
(26, 13, 66, 63, 39),
(27, 14, 143, 53, 12),
(28, 14, 110, 52, 39),
(29, 15, 166, 219, 39),
(30, 15, 0, 0, 39),
(31, 16, 152, 88, 39),
(32, 16, 96, 88, 39),
(33, 17, 133, 80, 13),
(34, 17, 124, 97, 5),
(35, 18, 124, 286, 39),
(36, 18, 0, 0, 39),
(37, 19, 26, 112, 39),
(38, 19, 0, 0, 39),
(39, 20, 14, 158, 39),
(40, 20, 0, 0, 39),
(41, 21, 186, 149, 39),
(42, 21, 0, 0, 39),
(43, 22, 191, 180, 39),
(44, 22, 0, 0, 39),
(45, 23, 59, 104, 39),
(46, 23, 0, 0, 39),
(47, 24, 81, 31, 39),
(48, 24, 0, 0, 39),
(49, 25, 267, 119, 39),
(50, 25, 0, 0, 39),
(51, 26, 156, 224, 39),
(52, 26, 0, 0, 39),
(53, 27, 167, 201, 39),
(54, 27, 0, 0, 39),
(55, 28, 145, 151, 39),
(56, 28, 0, 0, 39),
(57, 29, 203, 136, 39),
(58, 29, 0, 0, 39),
(59, 30, 175, 249, 39),
(60, 30, 0, 0, 39),
(61, 31, 178, 238, 39),
(62, 31, 0, 0, 39),
(63, 32, 75, 322, 39),
(64, 32, 0, 0, 39),
(65, 33, 54, 40, 39),
(66, 33, 0, 0, 39),
(67, 34, 81, 50, 39),
(68, 34, 0, 0, 39),
(69, 35, 176, 214, 39),
(70, 35, 0, 0, 39),
(71, 36, 170, 159, 39),
(72, 36, 0, 0, 39),
(73, 37, 30, 48, 39),
(74, 37, 0, 0, 39),
(75, 38, 13, 73, 39),
(76, 38, 0, 0, 39),
(77, 39, 131, 227, 39),
(78, 39, 0, 0, 39),
(79, 40, 135, 261, 39),
(80, 40, 0, 0, 39),
(81, 41, 135, 93, 39),
(82, 41, 0, 0, 39),
(83, 42, 61, 47, 12),
(84, 42, 107, 79, 11),
(85, 43, 78, 9, 39),
(86, 43, 0, 0, 39),
(87, 44, 145, 127, 39),
(88, 44, 0, 0, 39),
(89, 45, 87, 58, 39),
(90, 45, 0, 0, 39),
(91, 46, 193, 123, 39),
(92, 46, 0, 0, 39),
(93, 47, 28, 113, 39),
(94, 47, 0, 0, 39),
(95, 48, 124, 243, 39),
(96, 48, 0, 0, 39),
(97, 49, 132, 81, 11),
(98, 49, 116, 61, 12),
(99, 50, 55, 82, 12),
(100, 50, 55, 89, 12),
(101, 51, 78, 6, 11),
(102, 51, 76, 6, 12),
(103, 52, 225, 169, 39),
(104, 52, 0, 0, 39),
(105, 53, 146, 195, 39),
(106, 53, 0, 0, 39),
(107, 54, 261, 141, 39),
(108, 54, 0, 0, 39),
(109, 55, 179, 121, 39),
(110, 55, 0, 0, 39),
(111, 56, 195, 150, 39),
(112, 56, 0, 0, 39),
(113, 57, 267, 192, 39),
(114, 57, 0, 0, 39),
(115, 58, 85, 37, 39),
(116, 58, 0, 0, 39),
(117, 59, 155, 60, 11),
(118, 59, 144, 24, 5),
(119, 60, 180, 68, 11),
(120, 60, 90, 54, 1),
(121, 61, 118, 41, 6),
(122, 61, 134, 33, 5),
(123, 62, 86, 95, 39),
(124, 62, 0, 0, 39),
(125, 63, 338, 85, 39),
(126, 63, 0, 0, 39),
(127, 64, 146, 106, 39),
(128, 64, 0, 0, 39),
(129, 65, 196, 158, 39),
(130, 65, 0, 0, 39),
(131, 66, 62, 89, 1),
(132, 66, 44, 119, 7),
(133, 67, 130, 186, 39),
(134, 67, 0, 0, 39),
(135, 68, 144, 175, 39),
(136, 68, 0, 0, 39),
(137, 69, 88, 94, 39),
(138, 69, 0, 0, 39),
(139, 70, 156, 111, 39),
(140, 70, 0, 0, 39),
(141, 71, 83, 66, 5),
(142, 71, 52, 43, 1),
(143, 72, 91, 82, 5),
(144, 72, 60, 86, 1),
(145, 73, 80, 124, 11),
(146, 73, 86, 71, 1),
(147, 74, 130, 58, 5),
(148, 74, 109, 44, 1),
(149, 75, 229, 104, 39),
(150, 75, 0, 0, 39),
(151, 76, 56, 90, 12),
(152, 76, 89, 101, 6),
(153, 77, 158, 153, 39),
(154, 77, 0, 0, 39),
(155, 78, 162, 80, 11),
(156, 78, 184, 32, 1),
(157, 79, 124, 154, 39),
(158, 79, 0, 0, 39),
(159, 80, 161, 201, 39),
(160, 80, 0, 0, 39),
(161, 81, 86, 102, 11),
(162, 81, 36, 73, 1),
(163, 82, 81, 64, 12),
(164, 82, 75, 41, 1),
(165, 83, 154, 218, 39),
(166, 83, 0, 0, 39),
(167, 84, 92, 55, 5),
(168, 84, 91, 52, 1),
(169, 85, 51, 185, 11),
(170, 85, 55, 142, 1),
(171, 86, 74, 109, 11),
(172, 86, 74, 96, 5),
(173, 87, 106, 30, 39),
(174, 87, 0, 0, 39),
(175, 88, 67, 56, 1),
(176, 88, 81, 114, 11),
(177, 89, 116, 80, 5),
(178, 89, 115, 95, 13),
(179, 90, 65, 52, 5),
(180, 90, 57, 52, 13),
(181, 91, 103, 286, 39),
(182, 91, 0, 0, 39),
(183, 92, 121, 42, 5),
(184, 92, 52, 36, 12),
(185, 93, 91, 79, 5),
(186, 93, 68, 97, 12),
(187, 94, 80, 50, 1),
(188, 94, 66, 70, 1),
(189, 95, 79, 105, 5),
(190, 95, 77, 148, 11),
(191, 96, 150, 40, 11),
(192, 96, 146, 67, 12),
(193, 97, 14, 66, 11),
(194, 97, 17, 85, 12),
(195, 98, 109, 88, 11),
(196, 98, 63, 79, 5),
(197, 99, 38, 72, 1),
(198, 99, 61, 89, 5),
(199, 100, 72, 37, 12),
(200, 100, 77, 84, 1),
(201, 101, 87, 83, 12),
(202, 101, 98, 94, 1),
(203, 102, 158, 53, 5),
(204, 102, 98, 59, 7),
(205, 103, 48, 8, 12),
(206, 103, 48, 12, 14),
(207, 104, 22, 51, 11),
(208, 104, 34, 31, 5),
(209, 105, 110, 58, 12),
(210, 105, 110, 43, 5),
(211, 106, 99, 66, 5),
(212, 106, 134, 81, 5),
(213, 107, 76, 64, 5),
(214, 107, 96, 99, 1),
(215, 108, 80, 134, 11),
(216, 108, 76, 107, 5),
(217, 109, 100, 77, 11),
(218, 109, 114, 101, 5),
(219, 110, 75, 80, 1),
(220, 110, 101, 67, 5),
(221, 111, 70, 96, 1),
(222, 111, 51, 70, 5),
(223, 112, 116, 68, 11),
(224, 112, 106, 83, 5),
(225, 113, 41, 40, 11),
(226, 113, 55, 29, 15),
(227, 114, 81, 121, 5),
(228, 114, 92, 69, 5),
(229, 115, 66, 28, 11),
(230, 115, 48, 35, 7),
(231, 116, 88, 91, 1),
(232, 116, 88, 83, 5),
(233, 117, 70, 107, 12),
(234, 117, 62, 72, 5),
(235, 118, 48, 24, 14),
(236, 118, 18, 15, 16),
(237, 119, 97, 10, 5),
(238, 119, 81, 8, 15),
(239, 120, 98, 166, 11),
(240, 120, 50, 127, 5),
(241, 121, 62, 32, 15),
(242, 121, 23, 38, 16),
(243, 122, 22, 45, 12),
(244, 122, 22, 41, 1),
(245, 123, 43, 44, 1),
(246, 123, 76, 52, 5),
(247, 124, 51, 194, 11),
(248, 124, 43, 207, 5),
(249, 125, 83, 58, 5),
(250, 125, 81, 72, 1),
(251, 126, 127, 95, 11),
(252, 126, 126, 94, 13),
(253, 127, 105, 70, 5),
(254, 127, 100, 106, 12),
(255, 128, 144, 27, 12),
(256, 128, 152, 71, 11),
(257, 129, 50, 19, 15),
(258, 129, 60, 34, 14),
(259, 130, 65, 108, 12),
(260, 130, 82, 107, 5),
(261, 131, 172, 62, 11),
(262, 131, 170, 42, 5),
(263, 132, 87, 85, 12),
(264, 132, 67, 98, 5),
(265, 133, 92, 156, 11),
(266, 133, 52, 173, 5),
(267, 134, 197, 56, 11),
(268, 134, 0, 0, 39),
(269, 135, 252, 32, 11),
(270, 135, 0, 0, 39),
(271, 136, 207, 172, 5),
(272, 136, 114, 152, 11),
(273, 137, 65, 16, 11),
(274, 137, 58, 23, 14),
(275, 138, 29, 27, 11),
(276, 138, 41, 23, 14),
(277, 139, 85, 16, 11),
(278, 139, 77, 17, 15),
(279, 140, 63, 33, 14),
(280, 140, 24, 2, 17),
(281, 141, 124, 22, 11),
(282, 141, 0, 0, 39),
(283, 142, 39, 135, 5),
(284, 142, 76, 160, 1),
(285, 143, 107, 173, 11),
(286, 143, 108, 137, 12),
(287, 144, 93, 98, 5),
(288, 144, 0, 0, 39),
(289, 145, 118, 79, 9),
(290, 145, 87, 78, 3),
(291, 146, 125, 19, 5),
(292, 146, 162, 69, 15),
(293, 147, 51, 92, 1),
(294, 147, 52, 147, 5),
(295, 148, 64, 1, 12),
(296, 148, 81, 5, 11),
(297, 149, 84, 5, 14),
(298, 149, 76, 10, 12),
(299, 150, 38, 120, 5),
(300, 150, 28, 136, 5),
(301, 151, 86, 92, 2),
(302, 151, 115, 96, 5),
(303, 152, 108, 50, 2),
(304, 152, 111, 72, 3),
(305, 153, 144, 36, 12),
(306, 153, 169, 37, 3),
(307, 154, 114, 105, 12),
(308, 154, 104, 68, 1),
(309, 155, 102, 67, 3),
(310, 155, 124, 128, 11),
(311, 156, 114, 70, 2),
(312, 156, 115, 68, 1),
(313, 157, 134, 51, 12),
(314, 157, 109, 104, 3),
(315, 158, 88, 161, 11),
(316, 158, 127, 120, 12),
(317, 159, 138, 62, 12),
(318, 159, 117, 66, 2),
(319, 160, 112, 62, 11),
(320, 160, 93, 24, 12),
(321, 161, 5, 60, 10),
(322, 161, 1, 58, 14),
(323, 162, 85, 75, 12),
(324, 162, 83, 82, 2),
(325, 163, 83, 102, 12),
(326, 163, 79, 125, 2),
(327, 164, 26, 44, 11),
(328, 164, 22, 28, 12),
(329, 165, 24, 39, 10),
(330, 165, 23, 40, 12),
(331, 166, 116, 87, 11),
(332, 166, 128, 84, 12),
(333, 167, 127, 99, 12),
(334, 167, 127, 100, 3),
(335, 168, 130, 54, 5),
(336, 168, 94, 37, 12),
(337, 169, 76, 47, 12),
(338, 169, 109, 46, 5),
(339, 170, 39, 72, 12),
(340, 170, 65, 160, 11),
(341, 171, 110, 93, 12),
(342, 171, 89, 84, 1),
(343, 172, 44, 150, 5),
(344, 172, 93, 98, 12),
(345, 173, 90, 131, 11),
(346, 173, 87, 90, 12),
(347, 174, 60, 131, 2),
(348, 174, 76, 81, 12),
(349, 175, 117, 43, 12),
(350, 175, 150, 98, 11),
(351, 176, 57, 9, 12),
(352, 176, 31, 19, 2),
(353, 177, 96, 123, 12),
(354, 177, 78, 99, 12),
(355, 178, 86, 71, 12),
(356, 178, 50, 123, 5),
(357, 179, 77, 152, 11),
(358, 179, 121, 119, 12),
(359, 180, 20, 102, 1),
(360, 180, 39, 87, 5),
(361, 181, 96, 46, 2),
(362, 181, 127, 68, 12),
(363, 182, 79, 9, 12),
(364, 182, 63, 63, 16),
(365, 183, 122, 123, 11),
(366, 183, 72, 84, 12),
(367, 184, 61, 57, 12),
(368, 184, 70, 68, 2),
(369, 185, 59, 20, 12),
(370, 185, 69, 17, 12),
(371, 186, 27, 21, 12),
(372, 186, 31, 42, 14),
(373, 187, 152, 40, 12),
(374, 187, 108, 82, 5),
(375, 188, 90, 51, 12),
(376, 188, 153, 43, 6),
(377, 189, 36, 17, 12),
(378, 189, 20, 37, 10),
(379, 190, 43, 22, 12),
(380, 190, 50, 16, 12),
(381, 191, 81, 2, 12),
(382, 191, 102, 3, 12),
(383, 192, 62, 18, 11),
(384, 192, 56, 14, 11),
(385, 193, 70, 80, 12),
(386, 193, 62, 65, 5),
(387, 194, 82, 70, 1),
(388, 194, 37, 81, 5),
(389, 195, 91, 105, 12),
(390, 195, 84, 85, 1),
(391, 196, 55, 73, 2),
(392, 196, 79, 131, 4),
(393, 197, 86, 88, 5),
(394, 197, 86, 100, 3),
(395, 198, 50, 0, 39),
(396, 198, 50, 0, 39),
(397, 199, 118, 92, 2),
(398, 199, 62, 70, 3),
(399, 200, 63, 88, 12),
(400, 200, 62, 96, 2),
(401, 201, 88, 56, 5),
(402, 201, 124, 117, 1),
(403, 202, 61, 122, 2),
(404, 202, 88, 133, 12),
(405, 203, 65, 140, 6),
(406, 203, 77, 80, 12),
(407, 204, 70, 85, 5),
(408, 204, 79, 136, 12),
(409, 205, 77, 92, 2),
(410, 205, 77, 135, 12),
(411, 206, 85, 96, 3),
(412, 206, 87, 125, 12),
(413, 207, 74, 94, 12),
(414, 207, 110, 71, 5),
(415, 208, 135, 44, 2),
(416, 208, 161, 51, 5),
(417, 209, 97, 54, 5),
(418, 209, 147, 75, 11),
(419, 210, 135, 136, 6),
(420, 210, 99, 41, 5),
(421, 211, 69, 70, 5),
(422, 211, 87, 85, 3),
(423, 212, 60, 136, 11),
(424, 212, 57, 121, 5),
(425, 213, 79, 69, 5),
(426, 213, 118, 95, 12),
(427, 214, 129, 97, 11),
(428, 214, 137, 41, 5),
(429, 215, 92, 53, 5),
(430, 215, 78, 92, 2),
(431, 216, 119, 37, 5),
(432, 216, 138, 83, 1),
(433, 217, 77, 54, 2),
(434, 217, 102, 79, 5),
(435, 218, 97, 77, 11),
(436, 218, 136, 58, 5),
(437, 219, 123, 37, 5),
(438, 219, 116, 50, 12),
(439, 220, 46, 94, 5),
(440, 220, 81, 153, 12),
(441, 221, 61, 38, 5),
(442, 221, 83, 89, 3),
(443, 222, 43, 69, 5),
(444, 222, 60, 122, 1),
(445, 223, 85, 78, 6),
(446, 223, 79, 33, 5),
(447, 224, 48, 76, 5),
(448, 224, 67, 112, 2),
(449, 225, 50, 90, 5),
(450, 225, 64, 122, 1),
(451, 226, 59, 84, 5),
(452, 226, 107, 92, 11),
(453, 227, 242, 67, 11),
(454, 228, 79, 59, 1),
(455, 228, 145, 41, 5),
(456, 229, 319, 20, 11),
(457, 230, 154, 139, 12),
(458, 230, 79, 102, 5),
(459, 230, 105, 96, 2),
(460, 231, 89, 128, 1),
(461, 231, 87, 96, 5),
(462, 232, 111, 90, 5),
(463, 232, 95, 90, 4),
(464, 233, 101, 60, 5),
(465, 233, 104, 90, 6),
(466, 234, 92, 73, 2),
(467, 234, 123, 60, 5),
(468, 235, 103, 67, 5),
(469, 235, 125, 112, 11),
(470, 236, 54, 161, 1),
(471, 236, 0, 0, 6),
(472, 237, 89, 134, 5),
(473, 237, 91, 83, 5),
(474, 238, 145, 114, 11),
(475, 238, 0, 0, 39),
(476, 239, 68, 56, 5),
(477, 239, 78, 103, 5),
(478, 240, 86, 79, 5),
(479, 240, 109, 149, 11),
(480, 241, 30, 61, 2),
(481, 241, 38, 58, 5),
(482, 242, 87, 119, 39),
(483, 242, 118, 113, 10),
(484, 242, 79, 127, 5),
(485, 243, 0, 1, 39),
(486, 243, 0, 1, 39),
(487, 244, 1, 0, 39),
(488, 244, 1, 0, 39),
(489, 245, 1, 0, 39),
(490, 245, 1, 0, 39),
(491, 246, 63, 65, 2),
(492, 246, 86, 93, 5),
(493, 247, 1, 0, 39),
(494, 247, 1, 0, 39),
(495, 248, 56, 120, 2),
(496, 248, 49, 129, 5),
(497, 249, 2, 2, 39),
(498, 249, 4, 0, 39),
(499, 250, 1, 0, 39),
(500, 250, 1, 0, 39),
(501, 251, 0, 1, 39),
(502, 251, 0, 1, 39),
(503, 252, 1, 0, 39),
(504, 252, 0, 1, 39),
(505, 253, 90, 79, 5),
(506, 253, 83, 99, 7),
(507, 254, 0, 1, 39),
(508, 254, 0, 1, 39),
(509, 255, 0, 1, 39),
(510, 255, 0, 1, 39),
(511, 255, 0, 0, 39),
(512, 256, 0, 1, 39),
(513, 256, 0, 1, 39),
(514, 257, 176, 52, 11),
(515, 257, 173, 70, 12),
(516, 258, 254, 42, 11),
(517, 258, 233, 41, 11),
(518, 259, 242, 25, 12),
(519, 259, 235, 67, 11),
(520, 260, 88, 93, 5),
(521, 260, 156, 252, 12),
(522, 261, 91, 113, 5),
(523, 261, 78, 87, 3),
(524, 262, 234, 29, 11),
(525, 262, 209, 33, 5),
(526, 263, 89, 58, 5),
(527, 263, 164, 102, 12),
(528, 264, 127, 122, 3),
(529, 264, 105, 97, 5),
(530, 265, 93, 82, 1),
(531, 265, 93, 87, 5),
(532, 266, 73, 68, 2),
(533, 266, 68, 71, 5),
(534, 267, 1, 0, 39),
(535, 267, 1, 0, 39),
(536, 268, 0, 1, 39),
(537, 268, 0, 1, 39),
(538, 269, 140, 49, 5),
(539, 269, 191, 53, 2),
(540, 270, 1, 1, 39),
(541, 270, 1, 1, 39),
(542, 271, 147, 102, 11),
(543, 271, 115, 122, 2),
(544, 271, 213, 122, 12),
(545, 272, 80, 65, 5),
(546, 272, 87, 80, 2),
(547, 273, 141, 66, 12),
(548, 273, 138, 59, 5),
(549, 274, 111, 118, 2),
(550, 274, 105, 93, 5),
(551, 274, 226, 135, 12),
(552, 275, 124, 104, 5),
(553, 275, 204, 196, 12),
(554, 276, 98, 127, 2),
(555, 276, 121, 78, 5),
(556, 277, 105, 132, 1),
(557, 277, 97, 80, 5),
(558, 278, 57, 85, 5),
(559, 278, 134, 143, 11),
(560, 279, 130, 56, 5),
(561, 279, 144, 104, 4),
(562, 280, 114, 49, 5),
(563, 280, 127, 86, 2),
(564, 281, 108, 143, 3),
(565, 281, 100, 141, 5),
(566, 282, 113, 109, 5),
(567, 282, 82, 103, 2),
(568, 283, 154, 126, 12),
(569, 283, 151, 147, 11),
(570, 284, 133, 181, 11),
(571, 284, 126, 137, 5),
(572, 285, 109, 105, 5),
(573, 285, 83, 98, 2),
(574, 285, 168, 188, 12),
(575, 286, 125, 106, 5),
(576, 286, 143, 144, 11),
(577, 287, 139, 243, 12),
(578, 287, 95, 102, 5),
(579, 288, 92, 81, 5),
(580, 288, 88, 96, 2),
(581, 289, 117, 82, 5),
(582, 289, 121, 110, 1),
(583, 290, 4, 2, 39),
(584, 290, 0, 5, 39),
(585, 290, 4, 3, 39),
(586, 291, 155, 40, 5),
(587, 291, 0, 0, 39),
(588, 292, 50, 0, 39),
(589, 292, 50, 0, 39),
(590, 293, 164, 72, 5),
(591, 293, 177, 127, 12),
(592, 294, 97, 92, 5),
(593, 294, 66, 99, 8),
(594, 295, 129, 132, 11),
(595, 295, 146, 51, 5),
(596, 295, 130, 77, 2),
(597, 296, 117, 126, 5),
(598, 296, 115, 116, 2),
(599, 297, 1, 0, 39),
(600, 297, 1, 0, 39),
(601, 298, 88, 145, 5),
(602, 298, 151, 106, 2),
(603, 299, 107, 124, 5),
(604, 299, 89, 100, 39),
(605, 300, 156, 138, 12),
(606, 300, 203, 245, 5),
(607, 301, 140, 141, 11),
(608, 301, 114, 94, 5),
(609, 302, 77, 109, 5),
(610, 302, 141, 160, 11),
(611, 303, 131, 171, 3),
(612, 303, 120, 158, 2),
(613, 304, 129, 144, 3),
(614, 304, 182, 195, 12),
(615, 305, 137, 86, 20),
(616, 305, 213, 78, 11),
(617, 306, 0, 0, 23),
(618, 306, 2, 1, 21),
(619, 307, 9, 1, 22),
(620, 307, 6, 3, 21),
(621, 308, 9, 1, 24),
(622, 308, 3, 2, 21),
(623, 309, 3, 2, 21),
(624, 309, 3, 0, 21),
(625, 310, 2, 1, 21),
(626, 310, 1, 6, 25),
(627, 310, 2, 1, 24),
(628, 311, 3, 1, 24),
(629, 311, 3, 0, 21),
(630, 311, 1, 1, 26),
(631, 312, 8, 1, 21),
(632, 312, 6, 5, 24),
(633, 313, 164, 104, 11),
(634, 313, 141, 68, 5),
(635, 314, 139, 117, 2),
(636, 314, 104, 85, 5),
(637, 315, 117, 166, 11),
(638, 315, 103, 140, 5),
(639, 316, 110, 120, 5),
(640, 316, 100, 164, 11),
(641, 317, 73, 144, 2),
(642, 317, 130, 116, 5),
(643, 318, 91, 105, 6),
(644, 318, 150, 85, 5),
(645, 319, 2, 0, 6),
(646, 319, 3, 3, 24),
(647, 320, 0, 0, 6),
(648, 320, 1, 4, 26),
(649, 321, 0, 3, 21),
(650, 321, 1, 0, 22),
(651, 321, 3, 2, 24),
(652, 322, 1, 5, 21),
(653, 322, 2, 6, 24),
(654, 323, 94, 193, 11),
(655, 323, 106, 113, 5),
(656, 323, 0, 0, 6),
(657, 324, 109, 77, 5),
(658, 324, 99, 100, 1),
(659, 324, 0, 0, 6),
(660, 325, 100, 174, 2),
(661, 325, 120, 145, 5),
(662, 325, 0, 0, 6),
(663, 326, 113, 136, 11),
(664, 326, 149, 52, 5),
(665, 326, 172, 119, 12),
(666, 327, 145, 95, 11),
(667, 327, 140, 78, 5),
(668, 327, 0, 0, 6),
(669, 328, 1, 1, 22),
(670, 328, 3, 5, 21),
(671, 329, 1, 1, 21),
(672, 329, 0, 2, 21),
(673, 330, 3, 1, 21),
(674, 330, 1, 0, 23),
(675, 331, 3, 2, 21),
(676, 331, 2, 0, 22),
(677, 332, 2, 0, 21),
(678, 332, 1, 2, 24),
(679, 332, 2, 0, 22),
(680, 333, 198, 224, 12),
(681, 333, 132, 164, 5),
(682, 333, 0, 0, 6),
(683, 334, 63, 88, 2),
(684, 334, 87, 81, 5),
(685, 334, 0, 0, 6),
(686, 335, 58, 127, 1),
(687, 335, 77, 116, 5),
(688, 335, 0, 0, 39),
(689, 336, 111, 80, 5),
(690, 336, 103, 184, 11),
(691, 336, 0, 0, 39),
(692, 337, 100, 146, 2),
(693, 337, 128, 94, 5),
(694, 337, 0, 0, 39),
(695, 338, 6, 1, 21),
(696, 338, 10, 1, 24),
(697, 339, 1, 1, 24),
(698, 339, 1, 4, 19),
(699, 340, 1, 0, 21),
(700, 340, 0, 2, 18),
(701, 341, 2, 2, 25),
(702, 341, 4, 2, 21),
(703, 342, 1, 3, 21),
(704, 342, 1, 3, 26),
(705, 343, 8, 1, 21),
(706, 343, 3, 1, 24),
(707, 344, 0, 0, 21),
(708, 344, 2, 4, 24),
(709, 345, 1, 0, 21),
(710, 345, 2, 2, 26),
(711, 346, 0, 1, 22),
(712, 346, 1, 3, 21),
(713, 347, 2, 4, 21),
(714, 347, 0, 14, 27),
(715, 348, 76, 206, 11),
(716, 348, 70, 132, 5),
(717, 349, 76, 51, 39),
(718, 349, 96, 36, 14),
(719, 350, 107, 88, 5),
(720, 350, 125, 136, 2),
(721, 350, 146, 129, 1),
(722, 351, 0, 2, 25),
(723, 351, 0, 3, 21),
(724, 352, 7, 1, 21),
(725, 352, 4, 1, 25),
(726, 353, 6, 1, 21),
(727, 353, 1, 5, 24),
(728, 354, 2, 2, 21),
(729, 354, 2, 3, 18),
(730, 355, 137, 139, 11),
(731, 355, 173, 129, 5),
(732, 356, 3, 0, 18),
(733, 356, 6, 0, 23),
(734, 357, 0, 5, 21),
(735, 357, 0, 6, 18),
(736, 358, 4, 8, 24),
(737, 358, 2, 0, 23),
(738, 358, 2, 1, 21),
(739, 359, 5, 2, 22),
(740, 359, 8, 1, 28),
(741, 360, 0, 4, 21),
(742, 360, 1, 0, 23),
(743, 361, 154, 57, 5),
(744, 361, 163, 108, 1),
(745, 362, 1, 2, 23),
(746, 362, 2, 3, 21),
(747, 363, 0, 3, 21),
(748, 363, 3, 1, 23),
(749, 363, 0, 5, 22),
(750, 364, 106, 111, 3),
(751, 364, 121, 96, 5),
(752, 365, 11, 0, 23),
(753, 365, 4, 1, 24),
(754, 366, 3, 0, 23),
(755, 366, 0, 2, 18),
(756, 367, 2, 2, 28),
(757, 367, 3, 3, 21),
(758, 368, 5, 2, 23),
(759, 368, 1, 1, 31),
(760, 369, 0, 5, 18),
(761, 369, 0, 3, 23),
(762, 370, 2, 7, 27),
(763, 370, 2, 0, 23),
(764, 370, 1, 2, 19),
(765, 371, 136, 119, 11),
(766, 371, 91, 102, 5),
(767, 372, 145, 148, 11),
(768, 372, 104, 107, 5),
(769, 373, 3, 2, 21),
(770, 373, 4, 5, 25),
(771, 373, 3, 2, 18),
(772, 374, 137, 138, 2),
(773, 374, 113, 161, 5),
(774, 375, 0, 6, 27),
(775, 375, 3, 3, 21),
(776, 376, 1, 3, 22),
(777, 376, 2, 1, 23),
(778, 376, 1, 2, 21),
(779, 377, 5, 1, 21),
(780, 377, 2, 2, 24),
(781, 378, 147, 109, 12),
(782, 378, 72, 119, 5),
(783, 378, 83, 140, 3),
(784, 379, 0, 3, 25),
(785, 379, 0, 3, 23),
(786, 380, 182, 106, 12),
(787, 380, 216, 114, 11),
(788, 381, 2, 3, 21),
(789, 381, 8, 2, 18),
(790, 382, 119, 107, 5),
(791, 382, 213, 228, 12),
(792, 382, 170, 142, 11),
(793, 383, 1, 5, 21),
(794, 383, 2, 1, 25),
(795, 384, 0, 3, 22),
(796, 384, 2, 0, 21),
(797, 384, 1, 4, 26),
(798, 385, 1, 1, 23),
(799, 385, 3, 3, 21),
(800, 386, 1, 6, 24),
(801, 386, 1, 2, 21),
(802, 387, 123, 152, 11),
(803, 387, 184, 244, 12),
(804, 388, 4, 0, 21),
(805, 388, 1, 0, 24),
(806, 389, 5, 0, 21),
(807, 389, 2, 0, 24),
(808, 390, 2, 0, 21),
(809, 390, 3, 2, 21),
(810, 391, 144, 159, 11),
(811, 391, 126, 135, 12),
(812, 392, 1, 2, 21),
(813, 392, 0, 3, 24),
(814, 392, 1, 4, 18),
(815, 393, 3, 6, 21),
(816, 393, 0, 2, 23),
(817, 394, 8, 1, 21),
(818, 394, 13, 0, 23),
(819, 395, 73, 167, 5),
(820, 395, 168, 248, 12),
(821, 396, 112, 145, 2),
(822, 396, 150, 130, 5),
(823, 397, 2, 1, 23),
(824, 397, 2, 0, 26),
(825, 398, 2, 3, 23),
(826, 398, 3, 1, 25),
(827, 399, 2, 0, 24),
(828, 399, 4, 0, 23),
(829, 400, 93, 104, 3),
(830, 400, 190, 227, 26),
(831, 401, 0, 2, 32),
(832, 401, 0, 2, 32),
(833, 402, 0, 2, 32),
(834, 402, 0, 2, 32),
(835, 403, 0, 2, 32),
(836, 403, 1, 1, 32),
(837, 404, 2, 0, 33),
(838, 404, 2, 0, 34),
(839, 405, 2, 0, 34),
(840, 405, 2, 0, 35),
(841, 406, 0, 2, 37),
(842, 406, 2, 0, 34),
(843, 406, 0, 2, 38),
(844, 407, 1, 1, 34),
(845, 407, 0, 2, 34),
(846, 408, 1, 1, 35),
(847, 408, 0, 2, 37),
(848, 409, 2, 0, 34),
(849, 409, 2, 0, 38),
(850, 410, 2, 0, 38),
(851, 410, 2, 0, 34),
(852, 411, 0, 2, 35),
(853, 411, 0, 2, 39),
(854, 412, 2, 0, 34),
(855, 412, 2, 0, 37),
(856, 413, 0, 2, 37),
(857, 413, 0, 2, 34),
(858, 414, 0, 2, 36),
(859, 414, 1, 1, 34),
(860, 415, 1, 1, 35),
(861, 415, 1, 1, 34),
(862, 415, 0, 2, 38),
(863, 416, 2, 0, 34),
(864, 416, 2, 0, 33),
(865, 417, 2, 0, 34),
(866, 417, 0, 2, 35),
(867, 417, 2, 0, 33),
(868, 418, 2, 0, 34),
(869, 418, 2, 0, 36),
(870, 419, 2, 0, 34),
(871, 419, 2, 0, 34),
(872, 420, 2, 0, 35),
(873, 420, 2, 0, 34),
(874, 421, 1, 1, 34),
(875, 421, 0, 2, 38),
(876, 422, 2, 0, 35),
(877, 422, 0, 2, 34),
(878, 422, 2, 0, 33),
(879, 423, 0, 2, 33),
(880, 424, 0, 2, 35),
(881, 425, 0, 2, 35),
(882, 425, 0, 2, 35),
(883, 426, 0, 2, 34),
(884, 426, 0, 2, 34),
(885, 427, 0, 2, 38),
(886, 428, 0, 2, 38),
(887, 429, 2, 0, 34),
(888, 429, 0, 2, 35),
(889, 429, 0, 2, 33),
(890, 430, 2, 0, 34),
(891, 430, 0, 2, 37),
(892, 430, 0, 2, 33),
(893, 431, 2, 0, 34),
(894, 431, 2, 0, 34),
(895, 432, 2, 0, 35),
(896, 432, 2, 0, 34),
(897, 433, 0, 2, 34),
(898, 433, 1, 1, 35),
(899, 434, 2, 0, 35),
(900, 434, 2, 0, 38),
(901, 435, 2, 0, 37),
(902, 435, 0, 2, 35),
(903, 435, 0, 2, 38),
(904, 436, 0, 2, 33),
(905, 436, 0, 2, 35),
(906, 437, 2, 0, 35),
(907, 437, 2, 0, 37),
(908, 438, 2, 0, 35),
(909, 438, 2, 0, 34),
(910, 439, 0, 2, 37),
(911, 439, 0, 2, 35),
(912, 440, 0, 2, 35),
(913, 440, 0, 2, 33),
(914, 441, 2, 0, 34),
(915, 441, 2, 0, 37),
(916, 442, 2, 0, 36),
(917, 442, 2, 0, 33),
(918, 443, 2, 0, 37),
(919, 443, 2, 0, 37),
(920, 444, 2, 0, 35),
(921, 444, 2, 0, 34),
(922, 445, 2, 0, 35),
(923, 445, 0, 2, 35),
(924, 445, 0, 2, 33),
(925, 446, 0, 7, 18),
(926, 446, 0, 6, 24),
(927, 447, 1, 1, 26),
(928, 447, 0, 0, 21),
(929, 448, 0, 0, 18),
(930, 448, 2, 1, 21),
(931, 449, 2, 0, 22),
(932, 449, 1, 3, 27),
(933, 450, 9, 0, 21),
(934, 450, 3, 0, 22),
(935, 451, 4, 1, 25),
(936, 451, 1, 0, 28),
(937, 452, 7, 1, 21),
(938, 452, 1, 1, 31),
(939, 453, 14, 0, 25),
(940, 453, 14, 0, 21),
(941, 454, 3, 3, 27),
(942, 454, 8, 0, 23),
(943, 455, 4, 4, 19),
(944, 455, 0, 5, 22),
(945, 456, 0, 3, 19),
(946, 456, 0, 4, 18),
(947, 457, 1, 3, 21),
(948, 457, 2, 1, 28),
(949, 458, 6, 1, 21),
(950, 458, 2, 0, 18),
(951, 459, 0, 0, 21),
(952, 459, 4, 0, 28);

INSERT INTO history (id, content, timestamp, username_id) VALUES 
(1, 'BeASt, Dyg und CenoBit gründen auf einer LAN den Clan Doomwarriors.<br>Mit 3 Mann kann man zwar noch keinen ernsthaften war gewinnen, aber immerhin ist der Grundstein gelegt.', '2000-04-28', 2);

INSERT INTO match_lineup (id, match_id, member_id) VALUES 
(1, 446, 6),
(2, 446, 15),
(3, 446, 7),
(4, 446, 4),
(5, 446, 23),
(6, 447, 15),
(7, 447, 4),
(8, 447, 2),
(9, 447, 23),
(10, 447, 25),
(11, 448, 10),
(12, 448, 15),
(13, 448, 4),
(14, 448, 2),
(15, 448, 23),
(16, 448, 3),
(17, 449, 10),
(18, 449, 15),
(19, 449, 4),
(20, 449, 23),
(21, 449, 3),
(22, 450, 10),
(23, 450, 15),
(24, 450, 4),
(25, 450, 2),
(26, 450, 1),
(27, 451, 4),
(28, 451, 2),
(29, 451, 3),
(30, 452, 15),
(31, 452, 4),
(32, 452, 2),
(33, 452, 1),
(34, 452, 23),
(35, 453, 10),
(36, 453, 15),
(37, 453, 2),
(38, 453, 23),
(39, 453, 3),
(40, 454, 15),
(41, 454, 2),
(42, 454, 1),
(43, 454, 3),
(44, 455, 15),
(45, 455, 2),
(46, 455, 1),
(47, 455, 3),
(48, 456, 15),
(49, 456, 4),
(50, 456, 2),
(51, 456, 1),
(52, 457, 15),
(53, 457, 19),
(54, 457, 2),
(55, 457, 3),
(56, 458, 15),
(57, 458, 26),
(58, 458, 19),
(59, 458, 3),
(60, 458, 27),
(61, 459, 10),
(62, 459, 15),
(63, 459, 26),
(64, 459, 3),
(65, 459, 27);

INSERT INTO score_images (score_id, image) VALUES 
(1, 'q3-001-1.jpg'),
(2, 'q3-001-2.jpg'),
(7, 'q3-004-1.jpg'),
(8, 'q3-004-2.jpg'),
(17, 'q3-009-1.jpg'),
(18, 'q3-009-2.jpg'),
(19, 'q3-010-1.jpg'),
(20, 'q3-010-2.jpg'),
(23, 'q3-12-1.jpg'),
(24, 'q3-12-2.jpg'),
(25, 'q3-013-1.jpg'),
(26, 'q3-013-2.jpg'),
(27, 'q3-014-1.jpg'),
(28, 'q3-014-2.jpg'),
(31, 'q3-016-1.jpg'),
(32, 'q3-016-2.jpg'),
(33, 'q3-017-1.jpg'),
(34, 'q3-017-2.jpg'),
(305, 'q3-153-1.jpg'),
(311, 'q3-156-1.jpg'),
(312, 'q3-156-2.jpg'),
(313, 'q3-157-1.jpg'),
(314, 'q3-157-2.jpg'),
(315, 'q3-158-1.jpg'),
(316, 'q3-158-2.jpg'),
(319, 'q3-160-1.jpg'),
(320, 'q3-160-2.jpg'),
(323, 'q3-162-1.jpg'),
(324, 'q3-162-2.jpg'),
(331, 'q3-166-1.jpg'),
(332, 'q3-166-2.jpg'),
(333, 'q3-167-1.jpg'),
(334, 'q3-167-2.jpg'),
(335, 'q3-168-1.jpg'),
(336, 'q3-168-2.jpg'),
(337, 'q3-169-1.jpg'),
(338, 'q3-169-2.jpg'),
(339, 'q3-170-1.jpg'),
(340, 'q3-170-2.jpg'),
(341, 'q3-171-1.jpg'),
(342, 'q3-171-2.jpg'),
(343, 'q3-172-1.jpg'),
(344, 'q3-172-2.jpg'),
(345, 'q3-173-1.jpg'),
(346, 'q3-173-2.jpg'),
(347, 'q3-174-1.jpg'),
(348, 'q3-174-2.jpg'),
(359, 'q3-180-1.jpg'),
(360, 'q3-180-2.jpg'),
(361, 'q3-181-1.jpg'),
(362, 'q3-181-2.jpg'),
(365, 'q3-183-1.jpg'),
(366, 'q3-183-2.jpg'),
(367, 'q3-184-1.pg'),
(368, 'q3-184-2.jpg'),
(373, 'q3-187-1.jpg'),
(374, 'q3-187-2.jpg'),
(375, 'q3-188-1.jpg'),
(376, 'q3-188-2.jpg'),
(385, 'q3-193-1.jpg'),
(386, 'q3-193-2.jpg'),
(399, 'q3-200-1.jpg'),
(400, 'q3-200-2.jpg'),
(413, 'q3-207-1.jpg'),
(414, 'q3-207-2.jpg'),
(415, 'q3-208-1.jpg'),
(416, 'q3-208-2.jpg'),
(417, 'q3-209-1.jpg'),
(418, 'q3-209-2.jpg'),
(419, 'q3-210-1.jpg'),
(420, 'q3-210-2.jpg'),
(421, 'q3-211-1.jpg'),
(422, 'q3-211-2.jpg'),
(423, 'q3-212-1.jpg'),
(424, 'q3-212-2.jpg'),
(425, 'q3-213-1.jpg'),
(426, 'q3-213-2.jpg'),
(427, 'q3-214-1.jpg'),
(428, 'q3-214-2.jpg'),
(429, 'q3-215-1.jpg'),
(430, 'q3-215-2.jpg'),
(431, 'q3-216-1.jpg'),
(432, 'q3-216-2.jpg'),
(433, 'q3-217-1.jpg'),
(434, 'q3-217-2.jpg'),
(435, 'q3-218-1.jpg'),
(436, 'q3-218-2.jpg'),
(437, 'q3-219-1.jpg'),
(438, 'q3-219-2.jpg'),
(439, 'q3-220-1.jpg'),
(440, 'q3-220-2.jpg'),
(441, 'q3-221-1.jpg'),
(442, 'q3-221-2.jpg'),
(443, 'q3-222-1.jpg'),
(444, 'q3-222-2.jpg'),
(449, 'q3-225-1.jpg'),
(450, 'q3-225-2.jpg'),
(453, 'q3-227-1.jpg'),
(454, 'q3-228-1.jpg'),
(455, 'q3-228-2.jpg'),
(456, 'q3-229-1.jpg'),
(457, 'q3-230-1.jpg'),
(458, 'q3-230-2.jpg'),
(459, 'q3-230-3.jpg'),
(460, 'q3-231-1.jpg'),
(461, 'q3-231-2.jpg'),
(462, 'q3-232-1.jpg'),
(463, 'q3-232-2.jpg'),
(464, 'q3-233-1.jpg'),
(465, 'q3-233-2.jpg'),
(466, 'q3-234-1.jpg'),
(467, 'q3-234-2.jpg'),
(468, 'q3-235-1.jpg'),
(469, 'q3-235-2.jpg'),
(470, 'q3-236-1.jpg'),
(472, 'q3-237-1.jpg'),
(473, 'q3-237-2.jpg'),
(474, 'q3-238-1.jpg'),
(476, 'q3-239-1.jpg'),
(477, 'q3-239-2.jpg'),
(478, 'q3-240-1.jpg'),
(479, 'q3-240-2.jpg'),
(482, 'q3-242-1.jpg'),
(483, 'q3-242-2.jpg'),
(484, 'q3-242-3.jpg'),
(491, 'q3-249-1.jpg'),
(492, 'q3-249-2.jpg'),
(493, 'et-248-1.jpg'),
(494, 'et-248-2.jpg'),
(495, 'q3-250-1.jpg'),
(496, 'q3-250-2.jpg'),
(497, 'rtcw-251-1.jpg'),
(498, 'rtcw-251-2.jpg'),
(501, 'et-253-1.'),
(502, 'et-253-2.'),
(503, 'et-254-1.'),
(504, 'et-254-2.'),
(505, 'q3-255-1.'),
(506, 'q3-255-2.'),
(507, 'et-256-1.jpg'),
(508, 'et-256-2.jpg'),
(509, 'et-257-1.'),
(510, 'et-257-2.'),
(511, 'et-257-3.'),
(512, 'et-258-1.'),
(513, 'et-258-2.'),
(514, 'q3-259-1.'),
(515, 'q3-259-2.'),
(516, 'q3-260-1.'),
(517, 'q3-260-2.'),
(518, 'q3-261-1.'),
(519, 'q3-261-2.'),
(520, 'q3-262-1.jpg'),
(521, 'q3-262-2.jpg'),
(522, 'q3-263-1.jpg'),
(523, 'q3-263-2.jpg'),
(524, 'q3-264-1.'),
(525, 'q3-264-2.'),
(526, 'q3-265-1.jpg'),
(527, 'q3-265-2.jpg'),
(528, 'q3-266-1.jpg'),
(529, 'q3-266-2.jpg'),
(530, 'q3-267-1.jpg'),
(531, 'q3-267-2.jpg'),
(532, 'q3-268-1.jpg'),
(533, 'q3-268-2.jpg'),
(534, 'et-269-1.jpg'),
(535, 'et-269-2.jpg'),
(536, 'et-270-1.'),
(537, 'et-270-2.'),
(538, 'q3-271-1.jpg'),
(539, 'q3-271-2.jpg'),
(540, 'et-272-1.'),
(541, 'et-272-2.'),
(542, 'q3-273-1.jpg'),
(543, 'q3-273-2.jpg'),
(544, 'q3-273-3.jpg'),
(545, 'q3-274-1.jpg'),
(546, 'q3-274-2.jpg'),
(547, 'q3-275-1.jpg'),
(548, 'q3-275-2.jpg'),
(549, 'q3-276-1.jpg'),
(550, 'q3-276-2.jpg'),
(551, 'q3-276-3.jpg'),
(552, 'q3-277-1.jpg'),
(553, 'q3-277-2.jpg'),
(554, 'q3-278-1.jpg'),
(555, 'q3-278-2.jpg'),
(556, 'q3-279-1.jpg'),
(557, 'q3-279-2.jpg'),
(558, 'q3-280-1.jpg'),
(559, 'q3-280-2.jpg'),
(560, 'q3-281-1.jpg'),
(561, 'q3-281-2.jpg'),
(562, 'q3-282-1.jpg'),
(563, 'q3-282-2.jpg'),
(564, 'q3-283-1.jpg'),
(565, 'q3-283-2.jpg'),
(566, 'q3-284-1.jpg'),
(567, 'q3-284-2.jpg'),
(568, 'q3-285-1.jpg'),
(569, 'q3-285-2.jpg'),
(570, 'q3-286-1.jpg'),
(571, 'q3-286-2.jpg'),
(572, 'q3-287-1.jpg'),
(573, 'q3-287-2.jpg'),
(574, 'q3-287-3.jpg'),
(575, 'q3-288-1.jpg'),
(576, 'q3-288-2.jpg'),
(577, 'q3-289-1.jpg'),
(578, 'q3-289-2.jpg'),
(579, 'q3-290-1.jpg'),
(580, 'q3-290-2.jpg'),
(581, 'q3-291-1.'),
(582, 'q3-291-2.'),
(583, 'q3-292-1.'),
(584, 'q3-292-2.'),
(585, 'q3-292-3.'),
(586, 'q3-293-1.jpg'),
(587, 'q3-293-2.jpg'),
(588, 'q3-294-1.'),
(589, 'q3-294-2.'),
(590, 'q3-295-1.jpg'),
(591, 'q3-295-2.jpg'),
(592, 'q3-296-1.jpg'),
(593, 'q3-296-2.jpg'),
(594, 'q3-297-1.jpg'),
(595, 'q3-297-2.jpg'),
(596, 'q3-297-3.jpg'),
(597, 'q3-298-1.jpg'),
(598, 'q3-298-2.jpg'),
(599, 'q3-299-1.'),
(600, 'q3-299-2.'),
(601, 'q3-300-1.jpg'),
(602, 'q3-300-2.jpg'),
(603, 'q3-301-1.jpg'),
(604, 'q3-301-2.jpg'),
(605, 'q3-302-1.jpg'),
(606, 'q3-302-2.jpg'),
(607, 'q3-303-1.'),
(608, 'q3-303-2.'),
(609, 'q3-304-1.'),
(610, 'q3-304-2.'),
(611, 'q3-305-1.jpg'),
(612, 'q3-305-2.jpg'),
(613, 'q3-306-1.jpg'),
(614, 'q3-306-2.jpg'),
(615, 'q3-307-1.'),
(616, 'q3-307-2.'),
(617, 'q3-308-1.'),
(618, 'q3-308-2.'),
(619, 'q3-309-1.'),
(620, 'q3-309-2.'),
(621, 'q3-310-1.'),
(622, 'q3-310-2.'),
(623, 'q3-311-1.'),
(624, 'q3-311-2.'),
(625, 'q3-312-1.jpg'),
(626, 'q3-312-2.jpg'),
(627, 'q3-312-3.jpg'),
(628, 'q3-313-1.jpg'),
(629, 'q3-313-2.jpg'),
(630, 'q3-313-3.jpg'),
(631, 'q3-314-1.jpg'),
(632, 'q3-314-2.jpg'),
(633, 'q3-315-1.jpg'),
(634, 'q3-315-2.jpg'),
(635, 'q3-317-1.jpg'),
(636, 'q3-317-2.jpg'),
(643, 'q3-325-1.jpg'),
(644, 'q3-325-2.jpg'),
(645, 'q3-326-1.jpg'),
(646, 'q3-326-2.jpg'),
(647, 'q3-327-1.jpg'),
(648, 'q3-327-2.jpg'),
(649, 'q3-328-1.jpg'),
(650, 'q3-328-2.jpg'),
(651, 'q3-328-3.jpg'),
(652, 'q3-329-1.jpg'),
(653, 'q3-329-2.jpg'),
(654, 'q3-331-1.jpg'),
(655, 'q3-331-2.jpg'),
(656, 'q3-331-3.jpg'),
(657, 'q3-332-1.jpg'),
(658, 'q3-332-2.jpg'),
(659, 'q3-332-3.jpg'),
(660, 'q3-334-1.jpg'),
(661, 'q3-334-2.jpg'),
(662, 'q3-334-3.jpg'),
(663, 'q3-335-1.jpg'),
(664, 'q3-335-2.jpg'),
(665, 'q3-335-3.jpg'),
(666, 'q3-336-1.jpg'),
(667, 'q3-336-2.jpg'),
(668, 'q3-336-3.jpg'),
(669, 'q3-337-1.jpg'),
(670, 'q3-337-2.jpg'),
(671, 'q3-338-1.jpg'),
(672, 'q3-338-2.jpg'),
(673, 'q3-339-1.jpg'),
(674, 'q3-339-2.jpg'),
(675, 'q3-340-1.jpg'),
(676, 'q3-340-2.jpg'),
(677, 'q3-341-1.jpg'),
(678, 'q3-341-2.jpg'),
(679, 'q3-341-3.jpg'),
(680, 'q3-342-1.jpg'),
(681, 'q3-342-2.jpg'),
(682, 'q3-342-3.jpg'),
(683, 'q3-343-1.jpg'),
(684, 'q3-343-2.jpg'),
(685, 'q3-343-3.jpg'),
(686, 'q3-344-1.jpg'),
(687, 'q3-344-2.jpg'),
(688, 'q3-344-3.jpg'),
(689, 'q3-345-1.jpg'),
(690, 'q3-345-2.jpg'),
(691, 'q3-345-3.jpg'),
(692, 'q3-346-1.jpg'),
(693, 'q3-346-2.jpg'),
(694, 'q3-346-3.jpg'),
(695, 'q3-347-1.jpg'),
(696, 'q3-347-2.jpg'),
(697, 'q3-348-1.jpg'),
(698, 'q3-348-2.jpg'),
(699, 'q3-349-1.jpg'),
(700, 'q3-349-2.jpg'),
(701, 'q3-350-1.jpg'),
(702, 'q3-350-2.jpg'),
(703, 'q3-351-1.jpg'),
(704, 'q3-351-2.jpg'),
(705, 'q3-352-1.jpg'),
(706, 'q3-352-2.jpg'),
(707, 'q3-353-1.jpg'),
(708, 'q3-353-2.jpg'),
(709, 'q3-354-1.jpg'),
(710, 'q3-354-2.jpg'),
(711, 'q3-355-1.jpg'),
(712, 'q3-355-2.jpg'),
(713, 'q3-356-1.jpg'),
(714, 'q3-356-2.jpg'),
(715, 'q3-357-1.jpg'),
(716, 'q3-357-2.jpg'),
(717, 'q3-358-1.jpg'),
(718, 'q3-358-2.jpg'),
(719, 'q3-359-1.jpg'),
(720, 'q3-359-2.jpg'),
(721, 'q3-359-3.jpg'),
(722, 'q3-360-1.jpg'),
(723, 'q3-360-2.jpg'),
(724, 'q3-361-1.jpg'),
(725, 'q3-361-2.jpg'),
(726, 'q3-362-1.jpg'),
(727, 'q3-362-2.jpg'),
(728, 'q3-363-1.jpg'),
(729, 'q3-363-2.jpg'),
(730, 'q3-364-1.jpg'),
(731, 'q3-364-2.jpg'),
(732, 'q3-365-1.jpg'),
(733, 'q3-365-2.jpg'),
(734, 'q3-366-1.jpg'),
(735, 'q3-366-2.jpg'),
(736, 'q3-367-1.jpg'),
(737, 'q3-367-2.jpg'),
(738, 'q3-367-3.jpg'),
(739, 'q3-368-1.jpg'),
(740, 'q3-368-2.jpg'),
(741, 'q3-372-1.jpg'),
(742, 'q3-372-2.jpg'),
(743, 'q3-370-1.jpg'),
(744, 'q3-370-2.jpg'),
(745, 'q3-373-1.jpg'),
(746, 'q3-373-2.jpg'),
(747, 'q3-374-1.jpg'),
(748, 'q3-374-2.jpg'),
(749, 'q3-374-3.jpg'),
(750, 'q3-375-1.jpg'),
(751, 'q3-375-2.jpg'),
(752, 'q3-376-1.jpg'),
(753, 'q3-376-2.jpg'),
(754, 'q3-377-1.jpg'),
(755, 'q3-377-2.jpg'),
(756, 'q3-378-1.jpg'),
(757, 'q3-378-2.jpg'),
(758, 'q3-379-1.jpg'),
(759, 'q3-379-2.jpg'),
(760, 'q3-380-1.jpg'),
(761, 'q3-380-2.jpg'),
(762, 'q3-381-1.jpg'),
(763, 'q3-381-2.jpg'),
(764, 'q3-381-3.jpg'),
(765, 'q3-382-1.jpg'),
(766, 'q3-382-2.jpg'),
(767, 'q3-383-1.jpg'),
(768, 'q3-383-2.jpg'),
(769, 'q3-384-1.jpg'),
(770, 'q3-384-2.jpg'),
(771, 'q3-384-3.jpg'),
(772, 'q3-385-1.jpg'),
(773, 'q3-385-2.jpg'),
(774, 'q3-386-1.jpg'),
(775, 'q3-386-2.jpg'),
(776, 'q3-388-1.jpg'),
(777, 'q3-388-2.jpg'),
(778, 'q3-388-3.jpg'),
(779, 'q3-389-1.jpg'),
(780, 'q3-389-2.jpg'),
(781, 'q3-390-1.jpg'),
(782, 'q3-390-2.jpg'),
(783, 'q3-390-3.jpg'),
(784, 'q3-391-1.jpg'),
(785, 'q3-391-2.jpg'),
(786, 'q3-395-1.jpg'),
(787, 'q3-395-2.jpg'),
(788, 'q3-394-1.jpg'),
(789, 'q3-394-2.jpg'),
(790, 'q3-396-1.jpg'),
(791, 'q3-396-2.jpg'),
(792, 'q3-396-3.jpg'),
(793, 'q3-397-1.jpg'),
(794, 'q3-397-2.jpg'),
(795, 'q3-398-1.jpg'),
(796, 'q3-398-2.jpg'),
(797, 'q3-398-3.jpg'),
(798, 'q3-399-1.jpg'),
(799, 'q3-399-2.jpg'),
(800, 'q3-400-1.jpg'),
(801, 'q3-400-2.jpg'),
(802, 'q3-401-1.jpg'),
(803, 'q3-401-2.jpg'),
(804, 'q3-402-1.jpg'),
(805, 'q3-402-2.jpg'),
(806, 'q3-403-1.jpg'),
(807, 'q3-403-2.jpg'),
(808, 'q3-404-1.jpg'),
(809, 'q3-404-2.jpg'),
(810, 'q3-405-1.jpg'),
(811, 'q3-405-2.jpg'),
(812, 'q3-406-1.jpg'),
(813, 'q3-406-2.jpg'),
(814, 'q3-406-3.jpg'),
(815, 'q3-408-1.jpg'),
(816, 'q3-408-2.jpg'),
(817, 'q3-409-1.jpg'),
(818, 'q3-409-2.jpg'),
(819, 'q3-410-1.jpg'),
(820, 'q3-410-2.jpg'),
(821, 'q3-411-1.jpg'),
(822, 'q3-411-2.jpg'),
(823, 'q3-412-1.jpg'),
(824, 'q3-412-2.jpg'),
(825, 'q3-413-1.jpg'),
(826, 'q3-413-2.jpg'),
(827, 'q3-414-1.jpg'),
(828, 'q3-414-2.jpg'),
(829, 'q3-415-1.jpg'),
(830, 'q3-415-2.jpg'),
(831, 'qw-416-1.jpg'),
(832, 'qw-416-2.jpg'),
(833, 'qw-417-1.jpg'),
(834, 'qw-417-2.jpg'),
(835, 'qw-418-1.jpg'),
(836, 'qw-418-2.jpg'),
(837, 'qw-419-1.jpg'),
(838, 'qw-419-2.jpg'),
(839, 'qw-420-1.jpg'),
(840, 'qw-420-2.jpg'),
(841, 'qw-421-1.jpg'),
(842, 'qw-421-2.jpg'),
(843, 'qw-421-3.jpg'),
(844, 'qw-422-1.jpg'),
(845, 'qw-422-2.jpg'),
(846, 'qw-423-1.jpg'),
(847, 'qw-423-2.jpg'),
(848, 'qw-424-1.jpg'),
(849, 'qw-424-2.jpg'),
(850, 'qw-425-1.jpg'),
(851, 'qw-425-2.jpg'),
(852, 'qw-426-1.jpg'),
(853, 'qw-426-2,jpg'),
(854, 'qw-427-1.jpg'),
(855, 'qw-427-2.jpg'),
(856, 'qw-428-1.jpg'),
(857, 'qw-428-2.jpg'),
(858, 'qw-429-1.jpg'),
(859, 'qw-429-2.jpg'),
(860, 'qw-430-1.jpg'),
(861, 'qw-430-2.jpg'),
(862, 'qw-430-3.jpg'),
(863, 'qw-431-1.jpg'),
(864, 'qw-431-2.jpg'),
(865, 'qw-431-1.jpg'),
(866, 'qw-431-2.jpg'),
(867, 'qw-431-3.jpg'),
(868, 'qw-433-1.jpg'),
(869, 'qw-433-2.jpg'),
(870, 'qw-434-1.jpg'),
(871, 'qw-434-2.jpg'),
(872, 'qw-435-1.jpg'),
(873, 'qw-435-2.jpg'),
(874, 'qw-435-1.jpg'),
(875, 'qw-435-2.jpg'),
(876, 'qw-436-1.jpg'),
(877, 'qw-436-2.jpg'),
(878, 'qw-436-3.jpg'),
(885, 'qw-442-1.jpg'),
(886, 'qw-443-1.jpg'),
(887, 'qw-444-1.jpg'),
(888, 'qw-444-2.jpg'),
(889, 'qw-444-3.jpg'),
(890, 'qw-445-1.jpg'),
(891, 'qw-445-2.jpg'),
(892, 'qw-445-3.jpg'),
(893, 'qw-446-1.jpg'),
(894, 'qw-446-2.jpg'),
(895, 'qw-447-1.jpg'),
(896, 'qw-447-2.jpg'),
(897, 'qw-448-1.jpg'),
(898, 'qw-448-2.jpg'),
(899, 'qw-449-1.jpg'),
(900, 'qw-449-2.jpg'),
(901, 'qw-450-1.jpg'),
(902, 'qw-450-2.jpg'),
(903, 'qw-450-3.jpg'),
(904, 'qw-451-1.jpg'),
(905, 'qw-451-2.jpg'),
(906, 'qw-452-1.jpg'),
(907, 'qw-452-2.jpg'),
(908, 'qw-453-1.jpg'),
(909, 'qw-453-2.jpg'),
(910, 'qw-454-1.jpg'),
(911, 'qw-454-2.jpg'),
(912, 'qw-455-1.jpg'),
(913, '2qw-455-2.jpg'),
(914, 'et-456-1.jpg'),
(915, 'et-456-2.jpg'),
(916, '442_916_0.jpg'),
(916, '442_916_1.jpg'),
(917, '442_917_0.jpg'),
(917, '442_917_1.jpg'),
(927, '447_927_0.jpg'),
(928, '447_928_0.jpg'),
(929, '448_929_0.jpg'),
(930, '448_930_0.jpg'),
(931, '449_931_0.jpg'),
(932, '449_932_0.jpg'),
(933, '450_933_0.jpg'),
(934, '450_934_0.jpg'),
(935, '451_935_0.jpg'),
(936, '451_936_0.jpg'),
(937, '452_937_0.jpg'),
(938, '452_938_0.jpg'),
(939, '453_939_0.jpg'),
(940, '453_940_0.jpg'),
(947, '457_947_0.jpg'),
(948, '457_948_0.jpg'),
(949, '458_949_0.jpg'),
(950, '458_950_0.jpg'),
(951, '459_951_0.jpg'),
(952, '459_952_0.jpg');

# --- !Downs

truncate table score_images cascade;
truncate table match_lineup cascade;
truncate table history cascade;
truncate table leagues cascade;
truncate table gametype cascade;
truncate table countries cascade;
truncate table score cascade;
truncate table news cascade;
truncate table maps cascade;
truncate table lineup cascade;
truncate table games cascade;
truncate table squads cascade;